6.236203565420874728e-01,-3.148670711613803519e-01,0.000000000000000000e+00,0.000000000000000000e+00,4.682273494362387822e-02,3.454059884177960171e-01,1.007199587828359217e+05,1.968177601387210274e+01
2.352142919229748497e+00,4.190094737835814431e-02,0.000000000000000000e+00,0.000000000000000000e+00,-1.208480371200071346e-02,5.933627943827446405e-01,1.030543232929998630e+05,2.367178296875107080e+01
1.695981825434215384e+00,3.729458358764082826e-01,0.000000000000000000e+00,0.000000000000000000e+00,2.625018322084146760e+00,-4.990642024150020450e-01,1.026016092979015957e+05,4.272736966010901938e+01
1.295975452591109800e+00,2.322248864095611820e-01,0.000000000000000000e+00,0.000000000000000000e+00,-1.815200601975597294e-03,2.497481992139978235e-01,9.653899904693773715e+04,1.700021930299460848e+01
-3.194407867269044576e-02,3.065611478614497232e-01,0.000000000000000000e+00,0.000000000000000000e+00,8.779890451452398992e-02,1.434919662874973856e-01,9.649249469741474604e+04,4.348248424060856365e+01
-3.201643899139205995e-02,1.587833667107173552e-01,0.000000000000000000e+00,0.000000000000000000e+00,2.037593049671854839e+00,6.656607535765421968e-01,9.768174367744913616e+04,4.406721548834574342e+00
-3.257491634954016169e-01,1.922765645178524663e-01,0.000000000000000000e+00,0.000000000000000000e+00,7.989593698021599799e-01,8.121741209625210622e-01,9.861074726341037604e+04,3.883992186043153794e+01
2.098528437324805651e+00,3.491956515653192872e-01,0.000000000000000000e+00,0.000000000000000000e+00,2.106842227820724833e+00,-9.756864570452263852e-01,9.908455581408482976e+04,4.237738165273681545e+01
1.303345035229626525e+00,-2.503319911408140586e-01,0.000000000000000000e+00,0.000000000000000000e+00,-7.385353697424590358e-01,3.480398381175853206e-01,1.017969721683334501e+05,9.090882641866937064e+00
1.624217733388136686e+00,-1.057503635685952403e-02,0.000000000000000000e+00,0.000000000000000000e+00,9.502847746935372264e-01,-8.963284017605419596e-01,9.556680432165836100e+04,2.151732661861002072e+01
-4.382465171125926595e-01,-2.787905581803977739e-01,0.000000000000000000e+00,0.000000000000000000e+00,-8.655455992668694698e-01,9.771733015471184558e-02,9.534672704226066708e+04,8.274988733182780720e+00
2.409729556485983082e+00,4.876680079966470016e-01,0.000000000000000000e+00,0.000000000000000000e+00,-7.493871861785819100e-01,-4.247345419126435928e-01,9.891910562943908735e+04,3.533020644971088586e+01
1.997327922401264999e+00,4.440593396866132636e-01,0.000000000000000000e+00,0.000000000000000000e+00,2.625749813377643793e+00,-3.864468009557175954e-01,1.019716369213798025e+05,2.676738840308283685e+01
1.370173320348284651e-01,-4.605731886314941015e-01,0.000000000000000000e+00,0.000000000000000000e+00,-4.430185155296193500e-01,-2.940829930952868487e-01,9.693435342956482782e+04,3.176616733541604987e+01
4.547490162130185531e-02,2.055751725156884646e-01,0.000000000000000000e+00,0.000000000000000000e+00,1.129682729100868421e+00,2.425848980992202364e-01,1.014150448125625117e+05,9.824348347810557769e+00
5.021352956030145087e-02,4.252483174156658219e-01,0.000000000000000000e+00,0.000000000000000000e+00,6.443824104028261779e-01,-3.319000686624615781e-01,9.759828137940299348e+04,1.058729310262097556e+01
4.127267288786131694e-01,-3.194246548726664692e-01,0.000000000000000000e+00,0.000000000000000000e+00,3.893733050353707092e-01,4.653981011805607970e-01,1.038608610881351633e+05,2.074866275495318213e+00
1.074269294896713411e+00,6.794523055262946531e-02,0.000000000000000000e+00,0.000000000000000000e+00,2.599333382749089871e+00,-1.909452288522606178e-01,1.039568994426661666e+05,1.610337675978648520e+01
7.958350559263474011e-01,4.154882975880418439e-01,0.000000000000000000e+00,0.000000000000000000e+00,-9.127064128980419966e-01,-8.632935993800827656e-01,9.797287204281326558e+04,2.798723306668374633e+01
3.736874205941257410e-01,-4.660540214142011584e-01,0.000000000000000000e+00,0.000000000000000000e+00,1.655158744702356355e+00,5.675196849682144773e-01,9.729993753963240306e+04,4.289674569986644315e+01
1.335558684167138299e+00,1.974202672468399200e-01,0.000000000000000000e+00,0.000000000000000000e+00,2.853577736854201685e+00,-4.284833508145879932e-01,9.911303972066231654e+04,3.334637237293403444e+01
-8.151841804387449653e-02,-2.026509926274492335e-01,0.000000000000000000e+00,0.000000000000000000e+00,1.240672733847367759e+00,-1.344662408014747346e-01,9.740531585180148249e+04,2.176981616998757119e+01
3.764339456056544631e-01,4.243961953765303941e-01,0.000000000000000000e+00,0.000000000000000000e+00,2.747289848132367318e+00,3.708877664438030575e-01,1.017238384329170367e+05,4.765600571970689003e+01
5.990855298810751073e-01,4.710582451653677616e-01,0.000000000000000000e+00,0.000000000000000000e+00,-7.909684828559049308e-01,-3.350876857025759659e-01,1.032606468454828573e+05,3.596226002879159012e+01
8.682099526511077858e-01,4.442664891134339156e-01,0.000000000000000000e+00,0.000000000000000000e+00,6.751732762966455859e-01,-8.868286877065687523e-01,1.017309213091121637e+05,4.650826014312750090e+01
1.855527884179040576e+00,-2.578578334253622817e-02,0.000000000000000000e+00,0.000000000000000000e+00,4.063116384820464333e-02,-2.521579059743728202e-01,1.032435044724934996e+05,2.637939866360828489e+01
9.902134647507920828e-02,3.620426509893134304e-01,0.000000000000000000e+00,0.000000000000000000e+00,1.923283859922919170e+00,8.888971653886068580e-01,9.896992162207474757e+04,1.294521373965697997e+01
1.042703315240834705e+00,3.445493985350703836e-01,0.000000000000000000e+00,0.000000000000000000e+00,2.925188361988986685e+00,2.834687945971163803e-01,9.656316970708861481e+04,2.641334318236099321e+00
1.277243706586127292e+00,-1.808995267567443666e-01,0.000000000000000000e+00,0.000000000000000000e+00,2.612024977699123340e-02,3.429582973344138530e-01,1.023795094739759224e+05,3.630424257419252143e+01
-3.606487618400068262e-01,3.289154741506773449e-01,0.000000000000000000e+00,0.000000000000000000e+00,1.616698405896297874e+00,2.645643072752796865e-01,9.860474505141553527e+04,6.065149900276706418e+00
1.322634555704315096e+00,-4.629923652845073789e-01,0.000000000000000000e+00,0.000000000000000000e+00,-2.076094689610394894e-01,-6.020157220811264143e-01,1.017127082522913261e+05,1.513875641359835811e+01
1.157237106187458675e-02,9.626987848205303955e-02,0.000000000000000000e+00,0.000000000000000000e+00,1.261321018286439610e+00,-1.633322717954397429e-01,9.770643941981765965e+04,2.662354539419487054e+01
-3.048452210441614518e-01,-2.699911627122969504e-01,0.000000000000000000e+00,0.000000000000000000e+00,8.557299467533447945e-01,5.018795967266365121e-01,9.581229634806672402e+04,2.822082938898738291e+01
2.346656611759999844e+00,-3.794331142227211906e-01,0.000000000000000000e+00,0.000000000000000000e+00,2.888021318526148296e+00,-7.972542048936817061e-01,1.049258179548776388e+05,3.002915984935680171e+01
2.396896099223678078e+00,-4.230467983707908441e-01,0.000000000000000000e+00,0.000000000000000000e+00,1.434109090785866236e+00,-4.442944478205754777e-01,9.656201507930598746e+04,8.312766517485032480e+00
1.925192044349383291e+00,1.962887758781397540e-01,0.000000000000000000e+00,0.000000000000000000e+00,3.980254883472751359e-01,-4.473617830682927732e-01,1.048842099396348058e+05,1.898687024108243904e+01
4.138413075201120561e-01,-1.601250362319338594e-01,0.000000000000000000e+00,0.000000000000000000e+00,-5.436168604482665145e-01,-1.359621448109880060e-01,1.047727993256644695e+05,3.085971135584833647e+01
-2.069836579808483901e-01,2.247667715287614554e-01,0.000000000000000000e+00,0.000000000000000000e+00,-3.950126850602617701e-01,9.607374818843701370e-01,1.029381810390804021e+05,4.849094323168923637e+01
1.552699079536470794e+00,-4.346436592010576305e-01,0.000000000000000000e+00,0.000000000000000000e+00,-9.873228019505964070e-02,-8.649949066323561198e-01,1.015942296208199696e+05,3.638155688498443396e+01
8.204574812188039079e-01,-1.847096621693896656e-01,0.000000000000000000e+00,0.000000000000000000e+00,3.866645361191967112e-03,3.740198876119005256e-02,1.007780705025108473e+05,4.613018785469789407e+01
-1.338852954656635230e-01,3.949129237533721692e-02,0.000000000000000000e+00,0.000000000000000000e+00,2.402464231364551228e+00,-6.412706359755790952e-01,1.036610154537783528e+05,3.811060291570885283e+01
9.855307303338105562e-01,2.907231648389635437e-01,0.000000000000000000e+00,0.000000000000000000e+00,1.244891153130099681e+00,9.413530908194882585e-01,9.789439521619488369e+04,2.958584844462002295e+01
-3.968344366543448132e-01,-1.812474970679300856e-01,0.000000000000000000e+00,0.000000000000000000e+00,1.093563645497465764e+00,-7.733929905450716014e-01,9.967681212484877324e+04,9.601168456817227082e+00
2.227961206236346303e+00,1.258913764370090949e-01,0.000000000000000000e+00,0.000000000000000000e+00,-5.409245125231301188e-01,-1.927979952768175131e-01,1.011938996936650219e+05,3.333428259462565535e+01
2.763399448000507519e-01,3.859777482361871348e-01,0.000000000000000000e+00,0.000000000000000000e+00,2.440558773397739856e+00,4.757699696692123670e-01,9.911190475869491638e+04,3.116897829799535202e+01
1.487566853061945915e+00,1.158631881823045662e-01,0.000000000000000000e+00,0.000000000000000000e+00,1.891257212833934886e+00,4.091088560548905573e-01,9.927486454090267944e+04,3.012345852286332359e+01
4.351332282682328634e-01,-2.670405252463662338e-01,0.000000000000000000e+00,0.000000000000000000e+00,-7.293265523999936661e-01,-1.545427262121354950e-01,9.830284667502084631e+04,2.448929339941203764e+01
1.060204063533432439e+00,-4.755992184434619796e-01,0.000000000000000000e+00,0.000000000000000000e+00,1.831340388919074691e+00,-3.069516640945635366e-01,1.006423181668453617e+05,2.643283019946377976e+01
1.140130838029838944e+00,3.700988739009298811e-01,0.000000000000000000e+00,0.000000000000000000e+00,1.174152869370584273e+00,-2.047752428942588576e-01,1.035057452801511681e+05,1.672212635590520335e+01
5.456336657658111822e-02,-4.787305891496128618e-01,0.000000000000000000e+00,0.000000000000000000e+00,-6.730986170128869794e-01,-4.714474736827214407e-01,9.701528378006312414e+04,2.596563463211515810e+01
2.408753883293675457e+00,3.747016726841994050e-01,0.000000000000000000e+00,0.000000000000000000e+00,8.332025661146258422e-01,-5.893341225864003885e-01,1.043443303875344136e+05,9.877795283923912706e+00
1.825398470083343661e+00,2.893713402721198591e-02,0.000000000000000000e+00,0.000000000000000000e+00,9.387851485201879065e-01,-3.392060488222004011e-02,1.018908765374822979e+05,4.025871986801883651e+01
2.318496824692567237e+00,4.390676985128961762e-01,0.000000000000000000e+00,0.000000000000000000e+00,-3.369018393468969919e-01,-4.629324878647853581e-01,1.032327321268002997e+05,9.288847734935391287e+00
2.184482051282946369e+00,2.987832357736653899e-01,0.000000000000000000e+00,0.000000000000000000e+00,2.782792588001129275e+00,-4.250766702054997737e-01,1.005619069263001147e+05,4.248314494473320657e+00
1.293699936433255537e+00,4.979341105333374706e-01,0.000000000000000000e+00,0.000000000000000000e+00,2.399901485922647737e+00,3.135121269491141227e-01,1.027951670142406365e+05,2.181230131785786952e+01
2.265622705069350484e+00,-1.492881845482898484e-01,0.000000000000000000e+00,0.000000000000000000e+00,1.676089349316433275e+00,9.370746633997844022e-01,9.516200397339467600e+04,3.291537197530309555e+01
-2.345224938442415086e-01,2.671882889311268938e-01,0.000000000000000000e+00,0.000000000000000000e+00,8.491822440024288099e-01,2.072744011187501734e-01,1.031838042477953568e+05,2.188584124667706732e+01
8.794858725743559535e-02,-9.806908639075784251e-02,0.000000000000000000e+00,0.000000000000000000e+00,6.470621663380340394e-01,-8.460410658700674436e-01,9.540138859085366130e+04,1.383770659756543076e+01
-3.643181332683858020e-01,-2.012437969609115473e-02,0.000000000000000000e+00,0.000000000000000000e+00,1.603893868603816664e+00,-8.488327722918660445e-01,1.038991337636286189e+05,2.790855919452203793e+01
4.759909922897930246e-01,1.275054632183700853e-01,0.000000000000000000e+00,0.000000000000000000e+00,1.181727477627621870e+00,9.028464416911319290e-01,1.049196274723864335e+05,1.735011677060999702e+01
6.660318690684459142e-01,3.736771141863387546e-01,0.000000000000000000e+00,0.000000000000000000e+00,-7.509075764724575386e-01,-4.054184193853327400e-01,9.794067462176777190e+04,4.664338450633165678e+01
3.140470953216877303e-01,4.840834691992951244e-01,0.000000000000000000e+00,0.000000000000000000e+00,1.050010595081326770e+00,-8.158660278350491346e-01,9.710318556285793602e+04,4.613225698017860310e+01
1.986212527455788024e+00,2.682734138645181954e-01,0.000000000000000000e+00,0.000000000000000000e+00,2.225614468931357948e+00,1.980891743007631156e-01,1.026536336385804025e+05,2.511859099860477329e+01
5.702599800807677255e-01,-8.223321783266623886e-02,0.000000000000000000e+00,0.000000000000000000e+00,8.369595103878322284e-01,2.472975565805322073e-01,9.753026340920252551e+04,1.639419970091292456e+01
3.428035290621422870e-01,-7.864299772292981938e-02,0.000000000000000000e+00,0.000000000000000000e+00,-7.921736897829263491e-01,2.970096402373763045e-01,1.036556238317220414e+05,3.685662069783195705e+01
1.128088249474745286e+00,2.375823015888914869e-01,0.000000000000000000e+00,0.000000000000000000e+00,2.145112797536132376e+00,-4.651959442849173954e-01,9.602842592157477338e+04,1.835647174153332006e+00
-7.722732507571206106e-02,-2.612228542316976654e-01,0.000000000000000000e+00,0.000000000000000000e+00,-1.945448714561024417e-01,-9.697786315710499316e-01,9.625955196379357949e+04,2.373845030218256369e+01
1.906590942262119004e+00,-3.895258868686053422e-01,0.000000000000000000e+00,0.000000000000000000e+00,3.448333955215510116e-02,9.300307389089437216e-01,1.047915155510061595e+05,1.681616971351667544e+01
-2.763480689606875318e-01,-1.453778423592234637e-01,0.000000000000000000e+00,0.000000000000000000e+00,-3.411745862708164267e-01,-4.982139086177950205e-01,1.017383889827000530e+05,4.602679425512773292e+01
2.460660809801551885e+00,-2.127610083459182677e-01,0.000000000000000000e+00,0.000000000000000000e+00,3.208602594859901735e-01,3.520525761050949942e-01,1.034688722442895232e+05,6.001513636341271329e-01
1.816734307889972477e+00,-2.036918795440099128e-01,0.000000000000000000e+00,0.000000000000000000e+00,2.027006022754540115e+00,4.132597397574191422e-01,9.824329377351517905e+04,2.764074378591745429e+01
9.614704460251721763e-02,-2.663922489500900603e-01,0.000000000000000000e+00,0.000000000000000000e+00,1.077543438015749366e+00,2.200148341589713841e-01,1.017648374952060403e+05,3.703317905333130255e+01
-4.834336486291928026e-01,-4.579068103636381171e-01,0.000000000000000000e+00,0.000000000000000000e+00,-1.804749033971497774e-01,-3.741852115727035688e-01,1.009424182730859757e+05,2.425089937620206371e+01
1.946384285364502365e+00,-4.821260652665861901e-01,0.000000000000000000e+00,0.000000000000000000e+00,2.511320312608163352e+00,-4.578074924718684713e-01,1.010315012012294756e+05,4.270151508136082796e+00
1.620572031542851121e+00,4.877223897360315474e-01,0.000000000000000000e+00,0.000000000000000000e+00,2.518327419806116740e+00,1.953365654054062261e-01,1.018253245953772130e+05,4.862306950139510775e+01
1.687021504122961701e+00,-7.222686626413765687e-02,0.000000000000000000e+00,0.000000000000000000e+00,2.482313700184027638e+00,7.321912672233830133e-01,1.007535917312909878e+05,2.590052156880489775e+01
1.813811040057837332e+00,-1.156733528403183220e-01,0.000000000000000000e+00,0.000000000000000000e+00,-4.481515447384287754e-02,8.934674578467911576e-01,9.929062369302666048e+04,3.070931221595056826e+01
-2.778660447977289172e-01,1.796472826930698430e-01,0.000000000000000000e+00,0.000000000000000000e+00,8.049573767239524003e-01,-7.881883911924847386e-01,9.775922694380546454e+04,1.183048913537536606e+01
5.753971856328177203e-01,-2.817461121349358333e-01,0.000000000000000000e+00,0.000000000000000000e+00,2.939958624563500322e+00,-6.903427748045602996e-01,1.026858133091320196e+05,2.417490425534019138e+01
-1.523928214246108581e-01,4.499611839502253297e-01,0.000000000000000000e+00,0.000000000000000000e+00,2.088049905239961479e+00,8.894725175661593042e-01,9.726272430003185582e+04,2.145747459791609302e+01
2.089310277626780454e+00,2.863450144155520460e-01,0.000000000000000000e+00,0.000000000000000000e+00,-8.913303150977607281e-01,4.730704566695851376e-01,1.019235430615441437e+05,3.744792100099187060e+00
1.369894380482673757e+00,-4.105889976877404868e-01,0.000000000000000000e+00,0.000000000000000000e+00,-7.391816349580317969e-01,7.659876496595461326e-01,9.733332822649326408e+04,5.308017677373361387e+00
4.926940745579475589e-01,-8.241922421507164032e-02,0.000000000000000000e+00,0.000000000000000000e+00,8.557255072493310522e-01,-5.947347317293136815e-01,1.012533016995445359e+05,4.187362598093872634e+01
-3.093249491419290953e-01,3.791183075621646914e-01,0.000000000000000000e+00,0.000000000000000000e+00,2.636880823446240640e+00,1.751717422188037165e-01,1.024707826712902897e+05,1.199099761032951150e+01
4.329469651469866065e-01,4.447320222914102894e-01,0.000000000000000000e+00,0.000000000000000000e+00,1.154807191810856892e+00,4.022791888349472877e-01,9.718713888906539069e+04,9.747913574931526881e+00
4.755499660802411377e-01,-3.259848875013027225e-02,0.000000000000000000e+00,0.000000000000000000e+00,9.912500321371608969e-01,3.602237708939453054e-01,9.559943300861307944e+04,2.524557256250696113e+01
1.688818535014192435e+00,1.134113892107077026e-01,0.000000000000000000e+00,0.000000000000000000e+00,-5.781052001734776624e-01,-1.836966182666037728e-01,9.630973742994174245e+04,3.843735656812564372e+01
1.412672414065639259e+00,-3.329660539079247750e-01,0.000000000000000000e+00,0.000000000000000000e+00,1.627120418897176179e+00,-9.692102166173830469e-01,1.010599696727102564e+05,3.097325928949396179e+00
2.161638227728979622e+00,4.911686261369765383e-01,0.000000000000000000e+00,0.000000000000000000e+00,2.288412642400901920e+00,1.658521136085262526e-01,1.034944640622573497e+05,2.884039598191279197e+01
9.166447754858477737e-01,-2.683282986165566042e-01,0.000000000000000000e+00,0.000000000000000000e+00,5.216800300302493199e-01,-4.937969216407824824e-01,9.544996821235424432e+04,5.960522142028668036e+00
-1.412172621850948939e-01,4.427317741351256553e-01,0.000000000000000000e+00,0.000000000000000000e+00,2.102447403701309891e+00,-9.949150771421932937e-02,1.023415125904164597e+05,1.823052541280922867e+00
1.639734361668985230e+00,1.496466489923684584e-01,0.000000000000000000e+00,0.000000000000000000e+00,2.857906615603246436e+00,9.151620301676346436e-01,9.841318645950051723e+04,2.637197608110869673e+00
1.782355145850692324e+00,1.077367948788591212e-01,0.000000000000000000e+00,0.000000000000000000e+00,-1.849341634892436304e-01,-2.019293647151305660e-01,9.978528369919522083e+04,4.170820541042206742e+01
1.183831592708488589e+00,1.268851101650858570e-02,0.000000000000000000e+00,0.000000000000000000e+00,1.093318524778965184e+00,6.796032133288534283e-01,1.042885954984556593e+05,5.898624181403078204e+00
1.812901539863682743e+00,-2.693301882822413118e-01,0.000000000000000000e+00,0.000000000000000000e+00,1.485518323383021588e-01,-6.229187885014977333e-01,9.831971504735844792e+04,2.257568220614597720e+00
9.813867890931722293e-01,-3.234719679944917381e-01,0.000000000000000000e+00,0.000000000000000000e+00,2.171417676135357411e+00,3.449209960500576599e-01,9.965336933939486335e+04,2.189499435714561315e+01
1.068198488145982061e+00,-2.795137909298246459e-01,0.000000000000000000e+00,0.000000000000000000e+00,1.310373463524630022e+00,9.540139088778869514e-01,9.513682414760680695e+04,4.219967359710123844e+01
7.826230550756489990e-01,-3.135617378557454815e-01,0.000000000000000000e+00,0.000000000000000000e+00,1.538329670201215027e+00,-7.962137982541264147e-01,9.581598720004838833e+04,1.312041882446509611e+01
-4.237426197677144346e-01,2.795844735667533110e-01,0.000000000000000000e+00,0.000000000000000000e+00,2.191656638463576279e+00,-9.833601155456159759e-01,9.758591591134783812e+04,2.108563087629582000e+01
-1.763257190200866464e-01,-1.498747408332699038e-01,0.000000000000000000e+00,0.000000000000000000e+00,5.838818906498195460e-01,-1.328344147347713111e-01,9.527852240821074520e+04,1.996126628187561147e+00
-4.057124429397972465e-01,-4.421573234366036331e-01,0.000000000000000000e+00,4.400000000000000439e-02,2.660360273628172845e+00,-8.147490338972656065e-01,1.013137532604825101e+05,2.245392570674379229e+01
1.409231233791341076e+00,4.691026301408113275e-01,0.000000000000000000e+00,4.400000000000000439e-02,1.132115468984559836e+00,4.967686993524627059e-01,9.926398356801622140e+04,2.888065403185668245e+01
4.430679432289800213e-01,3.837858849634256941e-01,0.000000000000000000e+00,4.400000000000000439e-02,-3.681807086586079691e-01,8.290973276971178585e-01,1.004814520272802183e+05,2.854535268760723810e+01
1.025712073494108312e+00,4.277522831952129678e-01,0.000000000000000000e+00,4.400000000000000439e-02,1.783596472675209821e+00,-1.319580545824823314e-01,9.674647185896329756e+04,1.662133460871825719e+01
2.222699421778278950e+00,4.949078226464352914e-01,0.000000000000000000e+00,4.400000000000000439e-02,2.173045401753017636e+00,-4.825767156891180854e-01,9.795932029436615994e+04,1.577665903315677554e+01
2.478766874466248327e-01,-3.261047507805127088e-01,0.000000000000000000e+00,4.400000000000000439e-02,2.670467082701066808e-01,-1.311933619867804435e-01,1.016382447485272569e+05,5.331180946829894296e+00
7.311487691068891959e-01,-1.037579810973412453e-01,0.000000000000000000e+00,4.400000000000000439e-02,2.428717027995011879e+00,4.468956357000020141e-01,1.046530272363039985e+05,1.833991603231341827e+01
1.766653415629146018e+00,2.582384757040913081e-01,0.000000000000000000e+00,4.400000000000000439e-02,2.624573019063065615e+00,-9.818916768392580430e-01,9.550416773602209287e+04,4.974733443648232445e+00
1.863944964748673883e-01,1.960206180537922283e-01,0.000000000000000000e+00,4.400000000000000439e-02,1.076179495112357110e-01,1.789079789693943656e-01,1.039038432085526583e+05,3.832979723560258378e+01
-2.690602705136210249e-01,-3.461040936601449403e-01,0.000000000000000000e+00,4.400000000000000439e-02,2.934085890860888224e+00,2.265833697747581255e-01,1.007688120131120813e+05,4.831371488740929010e+01
3.692543587413040784e-01,3.158331249906177751e-01,0.000000000000000000e+00,4.400000000000000439e-02,-4.371538878049663346e-01,2.753764937918710132e-01,1.006391956675562396e+05,4.850372283333534540e+01
-1.633613823798674147e-02,-2.755594281633393372e-01,0.000000000000000000e+00,4.400000000000000439e-02,-1.919373263900401305e-01,-5.159558400382455723e-01,1.000027853520775971e+05,4.325355496876969141e+01
2.289092957027719422e+00,-2.761823851773769212e-01,0.000000000000000000e+00,4.400000000000000439e-02,-2.631006430478954883e-01,4.281054467562535049e-01,9.569394085904183157e+04,3.003960746698095363e+01
1.924361138693250872e+00,3.697442289341357213e-02,0.000000000000000000e+00,4.400000000000000439e-02,2.575958840031481678e+00,-8.172170273364471882e-01,9.589876851736160461e+04,3.504328486219399963e+01
1.400211269531270286e+00,9.293993484170315345e-02,0.000000000000000000e+00,4.400000000000000439e-02,1.617170209299847450e+00,-6.014593270663983748e-01,1.010091200565908657e+05,1.426029013402070333e+01
2.114381770563153129e+00,8.008620783781117414e-02,0.000000000000000000e+00,4.400000000000000439e-02,-3.915828671109085057e-01,7.549400933089638333e-01,9.840958571435557678e+04,3.153852100863103303e+01
1.911016230697343499e+00,-4.085131626022451279e-01,0.000000000000000000e+00,4.400000000000000439e-02,7.612936734733959376e-01,4.774463014531327154e-01,1.041726806657768029e+05,2.278247747199387163e+01
5.971017665810751662e-02,3.774608626303803671e-01,0.000000000000000000e+00,4.400000000000000439e-02,1.461192100279208095e+00,-9.725088919773094975e-01,9.906590537359472364e+04,2.410086698884662582e+01
2.177676995469933097e+00,-2.343999574112939355e-01,0.000000000000000000e+00,4.400000000000000439e-02,-6.661436600424668342e-01,-5.032474792603995883e-01,9.643281458702641248e+04,3.788882801875789852e+01
1.118026725746952277e+00,-3.704850787171958260e-01,0.000000000000000000e+00,4.400000000000000439e-02,2.529665473629354899e+00,-5.711870340136708801e-01,1.021471883350203570e+05,1.409591777986258165e+01
1.922320465492187491e+00,3.887480798689771921e-01,0.000000000000000000e+00,4.400000000000000439e-02,2.214414141766140709e+00,-4.583873439260548466e-01,9.793353421441010141e+04,1.590198058472599385e+01
2.188273899770479591e+00,4.556514982297533711e-01,0.000000000000000000e+00,4.400000000000000439e-02,1.020827094306552940e+00,-5.048804594402271917e-01,1.002547030735589360e+05,4.623208955643183060e+01
4.540104249155916261e-01,3.621276172654506187e-01,0.000000000000000000e+00,4.400000000000000439e-02,2.868506461036681721e+00,-8.749474085143085222e-01,1.019783278550516989e+05,2.811214742548612477e+00
-1.698442264169697236e-01,3.095160747248780764e-01,0.000000000000000000e+00,4.400000000000000439e-02,6.710439171003987902e-01,-8.211896680635932810e-02,1.040026411120207049e+05,2.428171492066702086e+01
1.838054876258250481e-01,1.552419806390217261e-01,0.000000000000000000e+00,4.400000000000000439e-02,2.936441276145991264e+00,4.654669495723302575e-01,1.029219119480167574e+05,4.564004002039308716e+01
7.813233658787690494e-01,5.085737060913930740e-02,0.000000000000000000e+00,4.400000000000000439e-02,1.671679995214508274e+00,2.134634494348728317e-01,1.017636106787272438e+05,3.051815039090784865e+01
1.954044297767479232e+00,-4.130132400885898614e-01,0.000000000000000000e+00,4.400000000000000439e-02,1.538685093015765837e+00,3.457433371961595725e-01,1.017963318239514338e+05,2.732035371060660367e+01
2.082191749769030320e+00,-9.154678692930129369e-02,0.000000000000000000e+00,4.400000000000000439e-02,-3.361804188168600049e-01,-8.377016429275216947e-01,1.044592464403208578e+05,1.248720896146776127e+01
-4.791436084064278900e-01,-1.273114829876860199e-01,0.000000000000000000e+00,4.400000000000000439e-02,2.527711033218575931e+00,9.029814203535744266e-01,9.795824097496535978e+04,1.716377445322241257e+01
1.032241907732697195e+00,-2.402462162396737932e-01,0.000000000000000000e+00,4.400000000000000439e-02,7.099587516824605871e-01,6.769836676860496727e-01,9.501112094196186808e+04,4.260242079023464612e+01
7.522330094463369754e-01,2.234201136885849426e-01,0.000000000000000000e+00,4.400000000000000439e-02,-3.510663768700825749e-01,6.101806369913254091e-01,9.771954559398198035e+04,2.796090658842290821e+01
1.663234314121907476e-01,-4.124264921229192637e-03,0.000000000000000000e+00,4.400000000000000439e-02,-9.495699200969638376e-01,6.459676100835349821e-01,9.717891379626744310e+04,2.573710968783899489e+01
-1.404038979989515878e-01,-4.189537840923520662e-01,0.000000000000000000e+00,4.400000000000000439e-02,1.239022734553530292e+00,8.654210162655227023e-01,1.016183458511399804e+05,4.978985677001446675e+00
5.128455142108838682e-01,-2.798167980501886642e-01,0.000000000000000000e+00,4.400000000000000439e-02,1.109598488490705304e+00,8.850793222739539168e-02,1.013371159976552881e+05,8.014078227561560741e-01
2.328729111737557478e+00,1.832587636595959246e-01,0.000000000000000000e+00,4.400000000000000439e-02,1.877414489476634252e+00,-5.994359642647482111e-01,1.009346138270472438e+05,4.818425943435245529e+01
4.696087960622656876e-01,-4.238691405096998155e-01,0.000000000000000000e+00,4.400000000000000439e-02,2.561032212071208569e+00,2.335672157050823206e-01,9.516243443209453835e+04,1.884930836434208246e+01
1.056371865230098184e+00,3.512069140487686925e-01,0.000000000000000000e+00,4.400000000000000439e-02,-6.823736614278819168e-01,4.857629873358779715e-01,1.022877805445064732e+05,3.016065310497521423e+01
1.609056876685533766e+00,-4.853472986025675340e-03,0.000000000000000000e+00,4.400000000000000439e-02,1.925985961361449395e+00,4.758347867080507942e-01,9.823530412485491252e+04,3.985753659364249302e+00
5.908888071378819440e-01,-1.941342267335199878e-02,0.000000000000000000e+00,4.400000000000000439e-02,-2.503522236096711318e-01,4.289804833376020810e-02,1.016505598900663172e+05,3.415571428615232463e+01
2.415346248162881793e+00,9.240778465951760001e-02,0.000000000000000000e+00,4.400000000000000439e-02,2.432708212628655886e+00,-8.630825613328438894e-01,1.005657842850215384e+05,4.662833543529804814e+01
2.387341884826333693e+00,3.246809659251491675e-01,0.000000000000000000e+00,4.400000000000000439e-02,2.276254055446624402e+00,-2.577741231397443489e-01,9.842730925427906914e+04,2.878326264987098426e+01
2.553468874760924656e-01,-1.521907920978069484e-01,0.000000000000000000e+00,4.400000000000000439e-02,1.163175019942177535e+00,8.415332169267146778e-01,9.634576267104108410e+04,6.305766118770527839e+00
9.917455176771563519e-01,1.780161525590635563e-01,0.000000000000000000e+00,4.400000000000000439e-02,1.840971194493246088e+00,1.688978195148520545e-01,9.594418897660481161e+04,2.908607637367383703e+01
4.026349294503089871e-01,6.573196399579106508e-02,0.000000000000000000e+00,4.400000000000000439e-02,2.574004527349935678e-01,7.666388651142685973e-02,1.033151833311222435e+05,3.831736065523261914e+01
3.545214831324028371e-01,-2.329717298305786777e-01,0.000000000000000000e+00,4.400000000000000439e-02,8.846715957312585310e-01,-4.622929712356129706e-01,1.041839754208155791e+05,2.032082682870093393e+01
-3.893391579364016142e-01,3.786299863551579881e-01,0.000000000000000000e+00,4.400000000000000439e-02,2.286547590841886635e+00,-2.631021601668421805e-01,1.014978804676430009e+05,4.399188739707339124e+01
1.328693001939690532e+00,2.974260216069281038e-01,0.000000000000000000e+00,4.400000000000000439e-02,8.370607886928556063e-01,7.906921783063385334e-01,9.603434114860482805e+04,3.243414766786822412e+01
1.008037069686584353e+00,1.584518346584254944e-01,0.000000000000000000e+00,4.400000000000000439e-02,4.311930613017671554e-01,3.329260950536714336e-01,9.902027216888240946e+04,4.496244591446012606e+01
-3.455637462500319446e-01,3.505817290942419007e-01,0.000000000000000000e+00,4.400000000000000439e-02,9.768497890011995644e-01,5.747740535046657051e-01,1.022893920010515722e+05,3.117526556236686019e+01
3.359393927098343058e-01,3.672942009598023638e-01,0.000000000000000000e+00,4.400000000000000439e-02,2.312997009748873456e+00,-9.130915386468974049e-02,1.027982088401006768e+05,6.564398600241211135e+00
2.224797657899960868e+00,2.083629767150347867e-01,0.000000000000000000e+00,4.400000000000000439e-02,3.408321894834909216e-01,2.604944389123158288e-01,9.618218622291088104e+04,1.548458555525945535e+01
2.186856720009172639e-01,3.370133283636720378e-01,0.000000000000000000e+00,4.400000000000000439e-02,-3.049536274570248118e-01,-5.032327825135849420e-01,9.500030718845382216e+04,1.008974741262284525e+01
-6.531538372633072242e-02,1.974714616692836433e-01,0.000000000000000000e+00,4.400000000000000439e-02,1.848056081323123045e+00,4.109216605669725464e-01,1.021213704588060500e+05,4.544132488584311602e+01
9.683582808326889335e-01,1.801407717603004111e-01,0.000000000000000000e+00,4.400000000000000439e-02,2.303912850832327219e+00,-1.447973325933253896e-01,9.856596175986205344e+04,3.802000336437413353e+01
2.456951362331802002e+00,1.186113782151843044e-01,0.000000000000000000e+00,4.400000000000000439e-02,-5.974500859058666791e-01,-1.149089703705088450e-01,9.754481331618259719e+04,3.381991844550029924e+01
2.261658145345012416e-01,2.527166395576412317e-01,0.000000000000000000e+00,4.400000000000000439e-02,-4.050354897622110428e-02,2.986446491537633197e-01,9.512897469789526076e+04,1.504831598158108363e+01
1.516406642217635437e+00,-3.413948947069262996e-01,0.000000000000000000e+00,4.400000000000000439e-02,-4.321120409560244013e-01,8.725612429378533097e-01,1.004029940676149999e+05,9.202238602510675491e+00
1.784858845986152964e+00,3.808707591989284325e-01,0.000000000000000000e+00,4.400000000000000439e-02,3.917656463286665058e-01,-8.719873067827581536e-01,1.035115073542598111e+05,3.782255439944559328e+01
2.129126319771990072e-01,3.718435277452319943e-01,0.000000000000000000e+00,4.400000000000000439e-02,8.014039156216505866e-01,6.494864746940152145e-01,1.045763164627258811e+05,2.370789729395398382e+01
1.684649045835578729e+00,-4.707527169654408539e-01,0.000000000000000000e+00,4.400000000000000439e-02,1.995305347853225886e+00,-4.152337791756137708e-01,1.006574495061328926e+05,1.128947760753145602e+01
6.033493981577597864e-01,3.258167505647626694e-01,0.000000000000000000e+00,4.400000000000000439e-02,1.604590339526696496e+00,-1.121610909872443607e-01,1.001446132773989375e+05,3.083109890826375477e+01
1.396917491780738541e+00,-3.711301325265548012e-01,0.000000000000000000e+00,4.400000000000000439e-02,1.483714269913724682e+00,-9.561733424499820888e-01,9.585056385489241802e+04,2.016692606922598774e+00
1.400589132282684002e+00,-1.648811457408581038e-01,0.000000000000000000e+00,4.400000000000000439e-02,4.094997864386176190e-01,-3.979078443313739388e-01,1.004887280154259934e+05,1.630851270641267448e+01
1.107324052224275324e+00,2.435082562916077720e-01,0.000000000000000000e+00,4.400000000000000439e-02,2.365790212339039744e+00,5.262485260260962860e-03,9.879979078965394001e+04,2.342784972955673339e+01
-2.291306898367750922e-01,-3.392401039516917960e-01,0.000000000000000000e+00,4.400000000000000439e-02,8.851486695926582549e-01,-8.876478453051219741e-01,1.010713528088357707e+05,7.397916705470292342e+00
2.005907486767713799e+00,3.179670241190621915e-01,0.000000000000000000e+00,4.400000000000000439e-02,2.916419752060618098e+00,-1.780854123366970576e-02,9.888726347876546788e+04,4.923272387954197882e+01
4.623401949152075030e-01,3.321341779577419162e-01,0.000000000000000000e+00,4.400000000000000439e-02,1.536568553182947383e+00,8.542212577168546428e-01,9.740299123450367188e+04,1.045486822948071293e+01
5.955553119956269459e-02,7.467733760836203771e-03,0.000000000000000000e+00,4.400000000000000439e-02,-4.949410337419890560e-01,-7.892135637843895601e-01,9.594965275228377141e+04,6.517656502163276855e+00
-3.776745753357082513e-01,-4.936141282831664201e-01,0.000000000000000000e+00,4.400000000000000439e-02,1.704710248301736009e+00,5.288814561510086776e-01,9.814918444588895363e+04,1.017674369434481996e+01
1.272678829564725334e+00,-2.129618668250872204e-01,0.000000000000000000e+00,4.400000000000000439e-02,3.004160617267959132e-01,-1.806578932480147337e-01,9.596644834287752747e+04,3.845305665798620964e+01
1.532693085526847021e+00,1.169269183757422059e-01,0.000000000000000000e+00,4.400000000000000439e-02,1.745308786744389717e+00,3.103474290486760712e-01,9.676896950823983934e+04,2.127528296359214011e+01
-4.502365132164315442e-01,4.811861780274234723e-01,0.000000000000000000e+00,4.400000000000000439e-02,-7.214354073503770337e-01,-4.795268040295412870e-01,1.048733615857954574e+05,2.827079698762690185e+01
1.036279174897842825e+00,1.318135270166683748e-01,0.000000000000000000e+00,4.400000000000000439e-02,-3.004742512961624534e-01,-6.810154749172834254e-01,9.944103556906618178e+04,1.050457849318037207e+00
1.794873255938138623e-01,-2.401964189358402058e-01,0.000000000000000000e+00,4.400000000000000439e-02,2.422949035623145342e+00,-6.790747714575471328e-01,1.003187176650501642e+05,1.721565428665727815e+00
1.435518371228349466e+00,1.340057030996113507e-01,0.000000000000000000e+00,4.400000000000000439e-02,-9.128177190594044532e-02,-8.590161087137107021e-01,1.037361852873721509e+05,2.229127749135080805e+01
2.309928701497432346e-02,3.998537971585547357e-02,0.000000000000000000e+00,4.400000000000000439e-02,2.348164500971760216e+00,-6.287065901975139592e-01,1.049556890049068752e+05,4.083276216008117387e+01
1.572813214307397622e+00,2.798453951511435944e-01,0.000000000000000000e+00,4.400000000000000439e-02,1.171043538176417265e-01,3.284387699779365288e-01,1.008271444934468163e+05,4.426194393537826244e+01
6.602060389016122244e-01,-3.930193611730415926e-01,0.000000000000000000e+00,4.400000000000000439e-02,1.571527640234830603e+00,7.633812236870161083e-01,1.031247382104417193e+05,4.335328379782010799e+00
2.310189966210203671e+00,2.610279025020280086e-01,0.000000000000000000e+00,4.400000000000000439e-02,1.776602294039324015e+00,6.282513711823236591e-01,9.826941024336675764e+04,2.691815510505113807e+01
-8.743716756202024598e-02,4.126657867611027708e-02,0.000000000000000000e+00,4.400000000000000439e-02,1.050619012580211731e+00,3.702686197489681863e-01,9.805743957447291177e+04,4.566148431396352692e+01
5.231990531507755282e-01,4.629920038589946385e-01,0.000000000000000000e+00,4.400000000000000439e-02,2.212427067869251474e-01,-7.791362731777946582e-01,9.902703720994559990e+04,1.939863771989431740e+01
-1.595794362782327891e-01,-1.581278339613139128e-01,0.000000000000000000e+00,4.400000000000000439e-02,-1.494224945156155115e-01,-4.216251074081003303e-01,1.017250726267364953e+05,4.147829157141843126e+01
2.274080854835688115e+00,1.326218931339481211e-01,0.000000000000000000e+00,4.400000000000000439e-02,-8.672425817502951162e-01,-3.803862493550620449e-01,1.018219168925509875e+05,6.684782719971810394e+00
2.132018060142943039e+00,4.320281055100174683e-01,0.000000000000000000e+00,4.400000000000000439e-02,2.157856049628952277e-01,-5.000861072047575462e-01,9.815239434649450413e+04,4.676972448338993615e+01
2.738248831454668242e-01,-3.974902720093207442e-01,0.000000000000000000e+00,4.400000000000000439e-02,1.612651162125132043e+00,3.001131941944623627e-02,9.633209924136628979e+04,3.757116587656513218e+01
1.479952138102537118e+00,4.372284872364511354e-01,0.000000000000000000e+00,4.400000000000000439e-02,2.753219273793930721e+00,7.110762975934514785e-02,1.013239625646550849e+05,4.706671963934508085e+01
1.951666600603647606e+00,1.878857223008133515e-01,0.000000000000000000e+00,4.400000000000000439e-02,2.484817929052208108e+00,-2.862280496577795930e-01,9.628325862188763858e+04,3.383086167762532170e+01
1.165602434798386877e+00,-4.321629408948280959e-01,0.000000000000000000e+00,4.400000000000000439e-02,2.064259106141210331e+00,-2.924216825271279685e-01,1.007849250822932954e+05,1.817019659997135150e+01
1.088951735068019566e+00,-1.990364330531837478e-01,0.000000000000000000e+00,4.400000000000000439e-02,2.153789373013194730e+00,6.571111958121627072e-01,1.019342212805630843e+05,4.690905862623612421e+01
2.255568727013550490e-01,2.081720886452815833e-01,0.000000000000000000e+00,4.400000000000000439e-02,1.659939613903981037e+00,5.785856966393712053e-01,1.020061149639445212e+05,1.377833881545892325e+01
-2.206916965823023657e-01,-4.326493985312283019e-01,0.000000000000000000e+00,4.400000000000000439e-02,4.114743026401201931e-02,-3.844083366385087075e-01,1.025347211065959709e+05,1.660862610308662823e+01
2.191647273859980150e+00,8.217046017627327448e-02,0.000000000000000000e+00,4.400000000000000439e-02,2.628780122823319410e+00,8.275768877465186080e-01,1.037285942156566452e+05,3.504042090008701393e+01
2.201254171489991585e+00,-1.541169430470432644e-01,0.000000000000000000e+00,4.400000000000000439e-02,1.682929247623336177e+00,9.056300340050120745e-01,9.999958991964788584e+04,3.826581497626931139e+01
1.399304371819803716e+00,1.209155177674771098e-01,0.000000000000000000e+00,4.400000000000000439e-02,1.241762523921759787e+00,-3.465149159399183443e-01,1.023024918952957087e+05,4.647017419245769076e+01
5.170893731461019271e-01,-4.542579661874871499e-01,0.000000000000000000e+00,4.400000000000000439e-02,-5.560421231460757063e-01,-2.911501024138902771e-01,1.011917273536583671e+05,1.024012045281047456e+01
5.476287238379826672e-01,3.715368061523762755e-01,0.000000000000000000e+00,4.400000000000000439e-02,7.882221752257017044e-01,1.126830684391766368e-02,9.686639939797682746e+04,3.989990176096119967e+01
1.677867036610718010e+00,4.734889691773969123e-01,0.000000000000000000e+00,4.400000000000000439e-02,8.414330848077051783e-01,8.822416250673470461e-01,9.525689644869408221e+04,3.692730266984817433e+01
2.191330779857731059e+00,4.688778552856914805e-01,0.000000000000000000e+00,4.400000000000000439e-02,2.458254438090679894e+00,7.526388662846230648e-01,9.784541385676934442e+04,3.189727812679893582e+00
2.161259272795351905e+00,2.496518317429247125e-01,0.000000000000000000e+00,4.400000000000000439e-02,1.186592880751153878e+00,-7.948640748328203998e-01,9.943033706337619515e+04,1.936115706051034735e+01
1.839626637572871815e+00,-3.699137598693680307e-01,0.000000000000000000e+00,4.400000000000000439e-02,5.216021958816385862e-01,-2.145385134571675678e-01,1.011710594442865695e+05,1.413827285300492953e+01
1.426094938462863393e+00,2.582631959290225820e-01,0.000000000000000000e+00,8.800000000000000877e-02,2.907201314042637375e+00,1.067423794995436825e-01,1.034995933050320600e+05,1.522452121770152011e+01
-2.475801050148535021e-01,-4.754130835411984890e-01,0.000000000000000000e+00,8.800000000000000877e-02,-5.571176266947373001e-01,6.264945103080066247e-03,9.696245716706165695e+04,4.914734397773504071e+01
-1.511385771615869622e-02,-4.778764484710027460e-01,0.000000000000000000e+00,8.800000000000000877e-02,6.901937132477784509e-01,-6.122738641262146508e-01,9.625549789898477320e+04,3.213887067399639363e+01
2.195662565581237846e+00,-1.763897808504587550e-01,0.000000000000000000e+00,8.800000000000000877e-02,-8.319012993143788393e-01,7.176335423363093824e-01,1.046347994747432822e+05,3.588380788967497637e+01
1.319287178978769681e+00,-1.135680959533424961e-02,0.000000000000000000e+00,8.800000000000000877e-02,1.959616483067721404e+00,3.538815659936747071e-01,9.608044559376407415e+04,4.883088186575045597e+01
-4.724088451501110564e-01,2.704074178077932045e-01,0.000000000000000000e+00,8.800000000000000877e-02,2.672306208796602522e+00,6.758167497036071669e-01,9.978491070107188716e+04,1.886008912288193429e+01
-1.955853714019036849e-01,1.832953766065051893e-01,0.000000000000000000e+00,8.800000000000000877e-02,1.201493182019577333e-01,7.175285586989443853e-01,1.008556372879330156e+05,4.009200842264029774e+01
1.490505307324167417e+00,-5.409729362325166324e-02,0.000000000000000000e+00,8.800000000000000877e-02,2.433366707196483514e+00,4.967117073314795128e-01,1.004137442090743862e+05,2.172654816522477006e+01
-4.848152484613439395e-01,-2.263733337183341243e-01,0.000000000000000000e+00,8.800000000000000877e-02,1.688729218475910621e-01,-1.215787975005653276e-01,9.586032157032942632e+04,4.347668359074899058e+01
-1.757584574750403750e-02,4.971245001577111466e-01,0.000000000000000000e+00,8.800000000000000877e-02,2.643080646575660886e+00,2.210935100308490942e-01,9.557026914003619459e+04,9.032877065565159569e+00
1.146201368099758255e+00,-7.381869776402705252e-02,0.000000000000000000e+00,8.800000000000000877e-02,2.015847614387135778e+00,-6.792691877605137041e-01,9.605483427461035899e+04,4.738430885321398023e+01
1.575685593078079982e+00,-4.861297567032452083e-02,0.000000000000000000e+00,8.800000000000000877e-02,2.219627107365754526e+00,3.472908349498153857e-01,1.008558768387261225e+05,1.093858542054398342e+01
1.455883778507801596e+00,-3.363761788083308168e-01,0.000000000000000000e+00,8.800000000000000877e-02,-9.279737775981820036e-01,-6.414934885214385041e-01,1.004434488763432164e+05,1.631102534904657730e+01
1.728079283816793543e-01,2.948095487499293732e-01,0.000000000000000000e+00,8.800000000000000877e-02,2.851241428296103830e+00,3.878991810203136215e-01,9.733740792036744824e+04,3.780961170533902305e+01
1.636537664042607698e+00,1.936822257814886372e-01,0.000000000000000000e+00,8.800000000000000877e-02,1.906683968281293051e+00,-5.408036784920626783e-01,1.013777414184559166e+05,1.968775707827033372e+01
2.117472624904002121e-01,-2.792303872112396057e-01,0.000000000000000000e+00,8.800000000000000877e-02,2.190043815445332775e-01,-7.648973996995600544e-01,1.032006750205564895e+05,3.041056883832233382e+01
4.761990944778031754e-01,-4.176189543841573037e-01,0.000000000000000000e+00,8.800000000000000877e-02,2.317578659435387767e+00,-6.694310197140851404e-01,9.541578959846594080e+04,2.222867505347142369e+01
1.739474215354072317e+00,1.804993020747130972e-01,0.000000000000000000e+00,8.800000000000000877e-02,1.260847936597198071e-01,-9.960157295618594642e-01,9.998129943548042502e+04,3.711849685448909497e+01
1.448898697141643988e+00,1.545112142811352340e-01,0.000000000000000000e+00,8.800000000000000877e-02,2.491015358264511814e+00,4.374792357070604876e-01,1.018931041210269032e+05,1.141656261843054310e+01
2.047670231482533687e+00,-2.267404730017906767e-01,0.000000000000000000e+00,8.800000000000000877e-02,-5.496784383522519413e-01,4.648020981167582111e-01,9.752311927069687226e+04,2.922899361843850130e+00
1.472838676901030208e+00,4.508635622504103546e-01,0.000000000000000000e+00,8.800000000000000877e-02,1.814743909843183012e+00,2.986669982651890543e-02,9.807770905293148826e+04,1.499646987365331263e+01
1.204925810006414855e+00,-3.489421082190997669e-01,0.000000000000000000e+00,8.800000000000000877e-02,1.162793906579641323e+00,-6.772743978892326044e-01,1.011363790298938402e+05,2.371543324342151493e+01
-2.189756965157225732e-01,-6.766519895739808721e-02,0.000000000000000000e+00,8.800000000000000877e-02,-6.138621192182367459e-01,-8.328913249786205064e-01,1.039793529344373674e+05,8.401002609633929197e+00
6.031474091783004532e-01,4.436159201675988761e-01,0.000000000000000000e+00,8.800000000000000877e-02,-3.242468696464406719e-02,-9.617420671254259812e-01,1.030992442030289967e+05,1.773986448281943495e+01
2.956071030451763448e-01,-8.027268307387769308e-02,0.000000000000000000e+00,8.800000000000000877e-02,-9.503838548907408423e-01,-6.685036460695585880e-01,1.008313021909958334e+05,1.999915091467842743e+01
2.319689301372507284e-01,1.385259476640855469e-01,0.000000000000000000e+00,8.800000000000000877e-02,8.750718618580233255e-01,7.817110699662934703e-01,1.023022171775724855e+05,2.869592184413677138e+00
2.419031664257336622e+00,-1.024056020372057230e-01,0.000000000000000000e+00,8.800000000000000877e-02,2.050610430400015005e-01,-5.169263165966364593e-01,9.864822470207799051e+04,2.916536240921022838e+01
6.792931740002812191e-01,-2.257847976513299715e-01,0.000000000000000000e+00,8.800000000000000877e-02,1.393429937191035251e+00,-2.914573455655686818e-01,1.014096552809875720e+05,4.421717139856437484e+01
2.176139665531339862e+00,4.839776479598282277e-01,0.000000000000000000e+00,8.800000000000000877e-02,1.889512308344687419e-01,-7.893090310373336305e-01,9.966181591127556749e+04,7.587145647652620895e+00
1.393415877991788676e+00,-9.066599368495698030e-02,0.000000000000000000e+00,8.800000000000000877e-02,1.996764460279387698e-01,-5.552773905036594293e-01,9.689936136457561224e+04,2.989040067007569945e+01
1.884433910624945252e+00,3.940992036791344244e-01,0.000000000000000000e+00,8.800000000000000877e-02,1.972772794926413553e+00,3.844914156041023823e-02,1.020173827387725760e+05,3.323696024554231343e+01
1.007911279315576447e+00,-2.700453941089138166e-01,0.000000000000000000e+00,8.800000000000000877e-02,-8.074286560865862050e-01,2.155053661913051144e-01,1.005646463734882127e+05,2.096673402096441663e+01
1.230711653879077438e+00,-2.868952959749166975e-01,0.000000000000000000e+00,8.800000000000000877e-02,2.611579980767948950e+00,-5.092953716675778786e-01,9.858621581953590794e+04,3.505487936821349848e+01
9.775530814565915882e-01,-4.688659171154886396e-01,0.000000000000000000e+00,8.800000000000000877e-02,2.409055497564725812e+00,-8.845356815497655845e-01,1.041133919007863151e+05,2.053657717455060094e+01
8.572896339413349498e-02,1.516668253758850504e-01,0.000000000000000000e+00,8.800000000000000877e-02,1.671218732905626059e+00,-2.179342617452026953e-01,9.520934117826733564e+04,2.523186439887174615e+01
1.667356345784515970e+00,-1.314736562762388594e-01,0.000000000000000000e+00,8.800000000000000877e-02,1.372886280429537198e+00,-5.315932581473317153e-01,9.815773151249496732e+04,3.676522277213489787e-01
3.423170873225673816e-01,3.643582498396370495e-01,0.000000000000000000e+00,8.800000000000000877e-02,2.569209992558608935e+00,-5.608921535403961212e-01,9.556881397777645907e+04,3.458600570673443997e+01
-4.270521007056384821e-01,-2.679009330844284165e-02,0.000000000000000000e+00,8.800000000000000877e-02,-2.586792818851422204e-01,9.197256054269105086e-01,1.026652731622162682e+05,3.306713394723622201e+01
1.436416887721503333e+00,4.681934279147217381e-01,0.000000000000000000e+00,8.800000000000000877e-02,-6.841233512366855507e-01,2.326009718514481239e-01,1.020210745411379321e+05,1.920043866317228121e+00
3.133203822114682957e-02,-3.144744842968788534e-01,0.000000000000000000e+00,8.800000000000000877e-02,-4.195932036184757408e-02,1.137568863441917877e-01,9.831352218736316718e+04,1.841250536975665497e+01
2.321375753058743108e+00,3.686231679556107865e-01,0.000000000000000000e+00,8.800000000000000877e-02,2.178313114800761063e+00,-1.684497929533561589e-01,1.017566290220707306e+05,4.895159203958336747e+01
2.361785731007762124e+00,2.765968527917417319e-01,0.000000000000000000e+00,8.800000000000000877e-02,-8.613189330940667077e-01,-1.421113331397114710e-01,9.895937226195949188e+04,2.103682812843084093e+01
2.244593170661345560e+00,2.709218446440520012e-01,0.000000000000000000e+00,8.800000000000000877e-02,1.331227340333958509e+00,8.181000767616164460e-02,1.025625379142243473e+05,2.509727025659208621e+01
6.104761007663332961e-01,3.447832281168876634e-01,0.000000000000000000e+00,8.800000000000000877e-02,2.981750064765239738e+00,3.928596140722144803e-01,9.954183662736705446e+04,4.549650790798592936e+01
-4.536301504133977147e-01,2.610239909429988847e-01,0.000000000000000000e+00,8.800000000000000877e-02,2.422784375350157671e+00,4.042921923636588755e-01,9.912279727831666241e+04,3.586309379328781688e+01
2.284955687763176257e+00,1.262203216314153886e-01,0.000000000000000000e+00,8.800000000000000877e-02,1.085782756174357822e+00,-6.566121845891008668e-01,1.043472991548830178e+05,2.910350655621117966e+01
7.845524449519429844e-01,-3.687551223176124271e-01,0.000000000000000000e+00,8.800000000000000877e-02,-7.454363628534306230e-01,2.255041532539525662e-04,9.750879099890700309e+04,3.989023406705362618e+01
2.399964457131008810e+00,-4.674738205087480836e-01,0.000000000000000000e+00,8.800000000000000877e-02,2.325494057542839332e+00,-1.760838099317960648e-01,9.620447339996566006e+04,4.321831332279866444e+01
2.390859931267758753e+00,4.208478478156868485e-01,0.000000000000000000e+00,8.800000000000000877e-02,1.395914032708842178e+00,7.410539325387683895e-01,1.008454311325945891e+05,2.284440358686334349e+01
2.059028366402080312e+00,1.166503145207380410e-01,0.000000000000000000e+00,8.800000000000000877e-02,-5.402680117617326694e-01,2.628378424367527888e-01,1.046932181228417903e+05,2.375541824659176982e+01
3.833466762087570645e-01,2.965372909761763154e-01,0.000000000000000000e+00,8.800000000000000877e-02,-6.245708607065751927e-01,6.500813283196360537e-02,9.877839213727186143e+04,1.930254678259179002e+01
6.552931858057757797e-01,-1.847764848744992694e-02,0.000000000000000000e+00,8.800000000000000877e-02,2.638507277746369617e+00,-7.692107156421652547e-01,9.562036763628781773e+04,4.833530700092303078e+01
2.053410014550570928e+00,-3.826918110376055226e-01,0.000000000000000000e+00,8.800000000000000877e-02,1.676801051752313754e+00,2.112757786468228982e-01,9.839305267309567716e+04,3.485831271451751689e+01
4.507660154688329923e-01,-3.748142077974495612e-01,0.000000000000000000e+00,8.800000000000000877e-02,2.317147197267022118e+00,-7.655921886395331555e-01,1.000593165431955858e+05,4.161153310403614469e+00
8.478240058277464186e-03,1.855652872289713651e-01,0.000000000000000000e+00,8.800000000000000877e-02,2.515915601129069312e+00,-3.255868488684958706e-01,9.661923006632213946e+04,4.314798116565092556e+01
1.170403787375050353e+00,-6.969410510053730690e-02,0.000000000000000000e+00,8.800000000000000877e-02,1.287089408193288875e+00,-7.143160703713362647e-01,1.015810221805649198e+05,2.402799704181340346e+01
2.308464322482342901e+00,-2.994752732996632805e-01,0.000000000000000000e+00,8.800000000000000877e-02,1.069785407020165113e+00,3.841472940487378196e-01,1.049774938901020068e+05,3.437695321124373038e+00
1.588089390024919112e+00,-8.405453258563122532e-03,0.000000000000000000e+00,8.800000000000000877e-02,7.217096412839607567e-01,-5.874957723276947874e-01,9.951739475981444411e+04,2.748586275816555258e+01
1.210183510268094897e+00,-4.357910629248659129e-01,0.000000000000000000e+00,8.800000000000000877e-02,2.677863511644771322e-01,-2.162812536239480110e-01,9.854728556730212586e+04,2.085821394878510304e+01
-2.084705186876943950e-01,8.197140191439877821e-02,0.000000000000000000e+00,8.800000000000000877e-02,7.383838434348470869e-01,7.913495552375573450e-01,9.900704166834466741e+04,4.388747024313124712e+01
1.345021680097509220e+00,-2.310065955649023284e-01,0.000000000000000000e+00,8.800000000000000877e-02,2.095518622920625518e+00,-5.913672332020594169e-01,9.615146178395200695e+04,1.019973018046936808e+01
2.470161550312790055e+00,2.975591006371881564e-01,0.000000000000000000e+00,8.800000000000000877e-02,1.407693724060526286e+00,1.561012791755822526e-02,1.038327360142622347e+05,4.132323047460914722e+01
-7.974795429042791373e-02,-1.896380410764262336e-01,0.000000000000000000e+00,8.800000000000000877e-02,2.570093159819384354e+00,-1.614566776679560167e-01,9.914825655521352019e+04,2.788443455927263770e+01
1.054988957091210100e+00,-4.477985091819880470e-02,0.000000000000000000e+00,8.800000000000000877e-02,7.735200575167509029e-01,-9.637519179085405341e-01,9.887274411424841674e+04,2.730515160673452346e+00
2.132119215783866206e+00,-4.883794600918993645e-01,0.000000000000000000e+00,8.800000000000000877e-02,1.428358314875016077e+00,5.855162271456255674e-01,1.015969027293047402e+05,4.859226506627422992e+01
1.722305853262613429e+00,-4.275531122054411215e-01,0.000000000000000000e+00,8.800000000000000877e-02,1.525230212367954863e+00,-8.619081873708005492e-01,9.942033420931122964e+04,2.563076220515999637e+01
1.591047222985803700e+00,-1.075064435933151819e-01,0.000000000000000000e+00,8.800000000000000877e-02,1.366788649225302077e+00,-5.148995804609279858e-02,1.014823346880784666e+05,1.454384271157912423e+01
1.607452251961327683e+00,-2.006116528287649192e-02,0.000000000000000000e+00,8.800000000000000877e-02,1.810535092342065333e+00,1.213565898778998786e-01,9.561446290130788111e+04,2.347034209946290417e+01
5.784734536592655019e-01,1.000205481193037205e-01,0.000000000000000000e+00,8.800000000000000877e-02,-5.026612650077488809e-02,2.568529132291741401e-01,1.031372334372222685e+05,4.289288917587445127e+01
3.807755327934800871e-01,-2.083374212906967671e-01,0.000000000000000000e+00,8.800000000000000877e-02,1.049455110183162621e+00,3.772632586157511625e-01,1.044050395287940337e+05,1.524515621925317532e+01
1.928083466435540849e+00,1.949818861265425474e-01,0.000000000000000000e+00,8.800000000000000877e-02,-5.831007887666093126e-01,-4.934552329545698335e-01,1.014876538615938625e+05,9.633819824335015269e+00
1.930340184037542262e+00,3.601223971892045794e-01,0.000000000000000000e+00,8.800000000000000877e-02,5.380453105792502022e-01,-9.800424466831012538e-01,1.045456592885881109e+05,6.453562346544073236e+00
2.101216955740310866e+00,2.798509888933498058e-01,0.000000000000000000e+00,8.800000000000000877e-02,9.506682744850576405e-01,4.468873247098239521e-01,9.651432314369962842e+04,1.489296991951056270e+01
2.239721657669413890e+00,-4.603811746516428549e-01,0.000000000000000000e+00,8.800000000000000877e-02,1.608897038181889894e+00,7.131319869515717613e-02,9.977416189480353205e+04,3.900240435200217348e+01
1.034027196582813390e+00,-1.949305274217105755e-02,0.000000000000000000e+00,8.800000000000000877e-02,2.802124210344814070e+00,6.722354064144975272e-01,1.010180673394544719e+05,2.358131825976308349e+01
1.004548884061598812e+00,-3.950698215818251313e-01,0.000000000000000000e+00,8.800000000000000877e-02,1.402604266193423488e+00,6.427767258013885598e-01,1.008173664742118708e+05,1.137408018467699833e+01
1.894885536900325462e+00,-2.579549841374725316e-01,0.000000000000000000e+00,8.800000000000000877e-02,1.974375664706239153e+00,6.866523355757663261e-01,9.901461779089043557e+04,8.309249980487459553e+00
1.449891792333295459e+00,4.866625932671464483e-01,0.000000000000000000e+00,8.800000000000000877e-02,1.025064237980811033e+00,-2.981068004091969037e-02,9.838084409366261389e+04,1.663647382551895504e+01
1.605900631773109932e+00,-3.575044570984867720e-01,0.000000000000000000e+00,8.800000000000000877e-02,1.536416125505325248e+00,-3.327432083262686913e-01,9.626824022550418158e+04,4.699621864428544171e+01
1.887378008308303379e+00,-1.111846548643935506e-03,0.000000000000000000e+00,8.800000000000000877e-02,-7.162711354649062834e-01,5.831164051827399941e-01,9.891742450562278100e+04,1.715133562950121870e+01
2.170016025452699004e+00,1.181557343181190989e-01,0.000000000000000000e+00,8.800000000000000877e-02,1.756632336738794820e-02,-9.741177394149014290e-02,9.662660815105485381e+04,4.940620379773177007e+01
5.139854705546074154e-01,2.024649705441039504e-01,0.000000000000000000e+00,8.800000000000000877e-02,4.474123728205547934e-01,-6.331156071931309803e-01,1.023436567649221834e+05,2.426152278826780773e+01
6.267488579198321474e-01,5.964868348691410027e-02,0.000000000000000000e+00,8.800000000000000877e-02,8.899734200260542849e-01,7.099480391229486820e-01,9.708830935494590085e+04,8.958195914507543378e+00
-2.180541804773930004e-01,-4.902291525808163408e-01,0.000000000000000000e+00,8.800000000000000877e-02,-8.174050179904650548e-01,7.651197535446945253e-01,9.558565305284534406e+04,4.455700458967547206e+01
1.234840422988521924e+00,-1.735386917560081121e-01,0.000000000000000000e+00,8.800000000000000877e-02,-4.399036097867292661e-01,-6.738048771965976513e-02,1.005236613781723427e+05,2.301776865674134598e+01
-3.921731786097737427e-01,1.771164338471142852e-02,0.000000000000000000e+00,8.800000000000000877e-02,1.072572311652231214e-01,-8.486005453804250642e-01,1.009522973271940136e+05,3.548356717522622006e+01
8.967940543973804690e-01,-4.121335008551666457e-01,0.000000000000000000e+00,8.800000000000000877e-02,2.886130763604202620e+00,-2.243478201661375238e-01,1.037191306128050492e+05,4.918557916045758560e+01
1.127933904122729869e+00,-1.493730687908192412e-01,0.000000000000000000e+00,8.800000000000000877e-02,3.253880284122030453e-01,6.070753189252067195e-01,1.007698161241768248e+05,2.508767515998699960e+00
3.596237563848532215e-01,-4.667968912086334354e-01,0.000000000000000000e+00,8.800000000000000877e-02,9.281642324483301287e-01,8.035480570924573573e-01,9.845480853723445034e+04,4.834727989378357016e+00
1.272499781707032263e+00,-4.214215028449792566e-01,0.000000000000000000e+00,8.800000000000000877e-02,-2.156091490464282501e-01,-5.930545150048083247e-01,1.030301188152632094e+05,3.602283707313780781e+01
-4.084992501828517142e-01,-1.030767237984039353e-01,0.000000000000000000e+00,8.800000000000000877e-02,1.443120284303073042e+00,-8.660527759494569544e-01,1.004027889318742091e+05,1.409125016477359971e+01
-3.879554337523567487e-01,-3.672842459569396478e-01,0.000000000000000000e+00,8.800000000000000877e-02,1.227328620638972190e-01,7.547009062656773182e-01,9.579280284631191171e+04,9.215069847504953060e+00
1.967801681978974759e+00,6.754084826155815069e-02,0.000000000000000000e+00,8.800000000000000877e-02,-1.720296862462928900e-01,-2.211901220422494152e-01,1.006585056031324639e+05,1.968093990986474751e+00
5.805719242337885611e-01,1.894649691372657374e-01,0.000000000000000000e+00,8.800000000000000877e-02,1.066290513783916261e+00,8.352192853512652171e-02,1.040801854542166257e+05,1.092335599310090277e+00
-1.188184620443456518e-01,3.005866991090828666e-01,0.000000000000000000e+00,8.800000000000000877e-02,-9.779768033583167153e-01,9.361316241015178452e-01,9.896312625498219859e+04,3.872428015598954687e+01
1.066729780164413111e+00,-2.998497557551899062e-01,0.000000000000000000e+00,8.800000000000000877e-02,-9.693438694030986902e-01,-8.668705441715542914e-01,9.796325801899800717e+04,6.721671368477499797e+00
1.809980659295832517e+00,-3.325174177409302434e-01,0.000000000000000000e+00,8.800000000000000877e-02,-1.237247635925688982e-01,2.966360149041911143e-01,9.643469457018020330e+04,2.338603079855754530e+01
1.474630824905295290e-01,-3.954321596655997473e-01,0.000000000000000000e+00,8.800000000000000877e-02,-8.531145499967154322e-01,-8.517891548502658505e-01,9.651445521935357829e+04,3.029484075897414996e+01
1.368671427457000878e+00,1.364302495436366947e-01,0.000000000000000000e+00,8.800000000000000877e-02,-5.678969834772344960e-01,-2.490621430669992531e-01,9.932771484341818723e+04,2.141759002844231219e+01
-2.439576050186960110e-01,2.064757264869011566e-01,0.000000000000000000e+00,8.800000000000000877e-02,3.554425973550063844e-01,6.076290903868935001e-01,1.009567982416152954e+05,1.355332616811655289e+00
-3.449548364941769085e-01,-4.684138551743579626e-01,0.000000000000000000e+00,1.320000000000000062e-01,2.210342718319251443e+00,-1.330555344887311975e-01,9.580615405169602309e+04,3.917507512939544512e+01
1.094063894704444095e+00,4.362122462436898163e-01,0.000000000000000000e+00,1.320000000000000062e-01,1.288194573477203342e+00,9.943647078059008049e-01,1.043956858902516542e+05,5.256612270826743760e-01
1.121905364830319662e+00,-4.480287163485275892e-01,0.000000000000000000e+00,1.320000000000000062e-01,1.050670903825665636e+00,1.181185698932043504e-01,1.025513361744519643e+05,3.809449471887420202e+01
1.412289704494619658e+00,4.129633530107046369e-02,0.000000000000000000e+00,1.320000000000000062e-01,1.739552928324865633e-01,-3.576756947280930188e-01,1.008662391828366235e+05,4.466522468940613777e+01
1.678274001167984864e+00,2.090605194509164155e-01,0.000000000000000000e+00,1.320000000000000062e-01,2.727014877731265496e+00,-5.597773481904937398e-01,1.032843867093899025e+05,2.164199605285861594e+01
2.427556238387603926e+00,3.709691237460855939e-01,0.000000000000000000e+00,1.320000000000000062e-01,5.880601649487666727e-01,-2.989589314276763776e-01,9.580186756812113163e+04,2.677712365488991253e+01
1.048901044903586044e+00,2.140869321324277985e-01,0.000000000000000000e+00,1.320000000000000062e-01,-6.516289328169140305e-01,-2.549334524808983815e-01,9.976838877733124536e+04,2.384916963088268815e+01
4.688694188237378935e-01,3.017280830697918192e-01,0.000000000000000000e+00,1.320000000000000062e-01,1.468266064471205112e+00,-8.625726445520780494e-01,1.013009312686166377e+05,1.946043093117194189e+01
1.885558584306111118e+00,-1.605498074571939382e-01,0.000000000000000000e+00,1.320000000000000062e-01,-5.446464260935943713e-01,-2.608516011464536710e-01,1.032865290611828968e+05,4.437122676851801373e+01
3.124967537862226585e-01,3.148251137465122307e-01,0.000000000000000000e+00,1.320000000000000062e-01,3.808925712067683378e-01,-7.152296052155016071e-02,1.028346956004926760e+05,4.469667553349952271e+01
8.169142621169083185e-01,-4.198851536153248576e-01,0.000000000000000000e+00,1.320000000000000062e-01,1.029647754871235499e+00,4.454755044776093076e-01,9.777069249713399040e+04,1.679081823207672741e+01
-2.646308559732021282e-01,3.948166560605276265e-01,0.000000000000000000e+00,1.320000000000000062e-01,2.496890098740703223e+00,3.134589694432159401e-01,1.044088016955920466e+05,3.075348770073490101e+01
-4.239477697536274681e-01,4.759237615373623775e-02,0.000000000000000000e+00,1.320000000000000062e-01,9.741863213604746718e-01,4.175313104583084911e-01,9.624345841430869768e+04,4.634537810729320739e+01
2.387945244033775172e+00,3.172977699624937031e-01,0.000000000000000000e+00,1.320000000000000062e-01,1.809035064126657044e+00,-9.832726362462858027e-01,1.037513361862115271e+05,4.810292494706757793e+01
2.007940361536617591e+00,-4.768171548169986007e-02,0.000000000000000000e+00,1.320000000000000062e-01,2.971267355996281445e+00,-5.646652008389279054e-01,1.047094024960461829e+05,2.544795202110237753e+01
1.587922618281093712e+00,1.435776951965249681e-01,0.000000000000000000e+00,1.320000000000000062e-01,-4.740435204080735154e-01,3.233685767997129812e-01,9.677153523222626245e+04,2.264124026421633928e+01
7.268588332428096432e-01,2.640266093611320919e-02,0.000000000000000000e+00,1.320000000000000062e-01,9.892610207807805978e-02,-3.202126364050572604e-02,1.022206606420378521e+05,1.393471579642628910e+01
1.988296021253732615e-02,2.315895217553318730e-01,0.000000000000000000e+00,1.320000000000000062e-01,5.783043023905856117e-01,-9.893730486633081078e-01,9.540285518777999096e+04,4.794359365952050211e+01
-3.068887198674186134e-02,-4.183700179694104238e-01,0.000000000000000000e+00,1.320000000000000062e-01,6.873127141553254660e-01,6.089892848636446754e-01,9.905422825139155611e+04,7.140715223643367970e+00
2.507286944937859863e-01,-4.396479160094362015e-01,0.000000000000000000e+00,1.320000000000000062e-01,6.440843010621830622e-01,5.456191465806747853e-01,1.001628329919767421e+05,2.899147880238625063e+01
1.147679994118361524e+00,-2.528967659898535558e-01,0.000000000000000000e+00,1.320000000000000062e-01,2.630444010226219653e+00,9.683832598712527329e-02,1.008064522590963461e+05,1.412751337593194378e+01
1.643787768100187119e+00,-3.404553198868116581e-01,0.000000000000000000e+00,1.320000000000000062e-01,1.856130577867425746e+00,-8.670733484474557606e-01,1.043593724824855890e+05,1.395041451738983085e+01
1.480592130153193686e+00,3.717835665922016863e-01,0.000000000000000000e+00,1.320000000000000062e-01,1.431620856362814997e+00,5.330300990651692938e-01,1.017225068729419436e+05,2.024842936880942190e+01
3.398016908378285184e-01,-2.807860126419556845e-01,0.000000000000000000e+00,1.320000000000000062e-01,2.374908714511283492e-01,1.674271754627278952e-01,9.981277951219237002e+04,4.993964679078272439e+01
2.364595841989582503e+00,4.758652558191313053e-01,0.000000000000000000e+00,1.320000000000000062e-01,2.295161536885178766e+00,5.639199543159183481e-01,1.030967503626588878e+05,2.748315341991103278e+00
1.713690750087305759e+00,-1.631042082288931550e-01,0.000000000000000000e+00,1.320000000000000062e-01,2.820242045939955755e+00,5.034939847916808375e-01,1.045053282095440954e+05,2.892709091017657386e+01
1.163062157534202168e+00,-3.178820843113007166e-01,0.000000000000000000e+00,1.320000000000000062e-01,2.284793130200906131e+00,6.060041439156742538e-01,9.522066148682290805e+04,4.128607901763858834e+00
1.335162238703056836e+00,2.896985071424791336e-01,0.000000000000000000e+00,1.320000000000000062e-01,-9.937395792341083833e-01,3.601613280924964577e-02,1.048252127225603908e+05,7.726041499525948097e+00
7.588001872833696204e-01,1.587077755008761137e-01,0.000000000000000000e+00,1.320000000000000062e-01,1.545605480733628134e+00,-7.193509636129700180e-01,9.586132139063680370e+04,2.197814708864493483e+01
2.431929685034723843e-01,-1.804283546861018550e-03,0.000000000000000000e+00,1.320000000000000062e-01,-7.954584742315971013e-01,3.423149467593773476e-01,1.031438677926876117e+05,2.552300656732206363e+01
5.679180359537847611e-01,5.536355093763123403e-02,0.000000000000000000e+00,1.320000000000000062e-01,3.042888133488741431e-02,2.409475701039411888e-01,9.780334752551412384e+04,1.293962041822620002e+01
1.773538331393107459e+00,2.192017782722638364e-01,0.000000000000000000e+00,1.320000000000000062e-01,-7.619011986089132549e-01,4.845063743981743443e-01,9.632179657753871288e+04,1.582285654372080863e+01
-4.568195341107323948e-01,-2.715452586687012726e-01,0.000000000000000000e+00,1.320000000000000062e-01,1.415181811797550981e+00,-6.602379878985293882e-01,9.939855639713835262e+04,4.348351012796652704e+00
-1.517820784792512923e-01,4.963339160567419306e-01,0.000000000000000000e+00,1.320000000000000062e-01,1.746359653970427139e+00,-6.100496001994215600e-01,1.014395657944761333e+05,1.516098919221252572e+01
-3.619920739347417538e-01,4.747931621467831320e-01,0.000000000000000000e+00,1.320000000000000062e-01,-5.420494477363795305e-01,7.808190344386569670e-01,9.880951845023475471e+04,4.832792196902720150e+01
-3.778135930430895906e-01,1.503256863469368820e-01,0.000000000000000000e+00,1.320000000000000062e-01,5.353555321799179367e-01,4.999555969041415970e-01,9.554565408282699354e+04,4.723536908362408582e+01
2.066381752033021435e+00,-3.004575490708548680e-01,0.000000000000000000e+00,1.320000000000000062e-01,8.249460358221680778e-01,8.164569774006458225e-01,1.009946113965871627e+05,1.674391450684925076e+01
1.610973578140070916e+00,1.802282424312913189e-01,0.000000000000000000e+00,1.320000000000000062e-01,4.762120870436663544e-01,5.174306423278414169e-01,1.040240327611067478e+05,2.854269681393807900e+01
9.225214872619755813e-01,-4.278015910208241568e-01,0.000000000000000000e+00,1.320000000000000062e-01,-5.158999980592278156e-01,1.943106119806037313e-01,9.883215365947251848e+04,4.547976955554721457e+01
-2.064975180469955651e-01,-4.693474977941939352e-01,0.000000000000000000e+00,1.320000000000000062e-01,6.757911607499016426e-01,3.082654740557473350e-01,9.716332777630827331e+04,3.091911320448337275e-01
9.748476253504971822e-01,-2.423171114887863187e-01,0.000000000000000000e+00,1.320000000000000062e-01,2.004712191233672502e+00,7.782558478800198909e-01,9.942577345932814933e+04,4.053417851687959228e+01
9.204153123416971560e-01,-3.737704326068369554e-02,0.000000000000000000e+00,1.320000000000000062e-01,-7.159693418669781373e-01,1.576135090238810488e-01,9.548362711048781057e+04,4.741847763944594618e+01
1.960560973004554786e-02,3.682725054083805238e-01,0.000000000000000000e+00,1.320000000000000062e-01,-6.792799436723861994e-01,2.647826486567748105e-01,1.032048758448027511e+05,4.566286716677852908e+00
8.015549477139192192e-01,2.271690697663080183e-01,0.000000000000000000e+00,1.320000000000000062e-01,4.190851673439368597e-01,-6.870465679927988401e-01,1.032634081095018628e+05,8.072384301646051696e+00
6.955142031921202062e-01,2.427065211999810401e-01,0.000000000000000000e+00,1.320000000000000062e-01,2.766902846475700173e+00,-5.215755976779457015e-02,1.008800046342962887e+05,4.803731513856777013e+01
1.347550294156649286e+00,-7.450666555192464457e-02,0.000000000000000000e+00,1.320000000000000062e-01,1.674290586891656218e+00,4.327942239161979288e-01,9.853102888938388787e+04,2.687700718201731576e+01
1.405280952602931510e+00,-1.540650074530370839e-01,0.000000000000000000e+00,1.320000000000000062e-01,1.714679826690259201e+00,-4.581146033672691686e-01,1.029978336444578308e+05,7.098317235861850705e-01
-3.640879706838664465e-01,-1.289612370153973009e-01,0.000000000000000000e+00,1.320000000000000062e-01,4.476799633514598753e-01,-5.954916389509301577e-01,1.005468702478836785e+05,1.288159993817645699e+01
6.238378438794136560e-01,4.876495637360578339e-01,0.000000000000000000e+00,1.320000000000000062e-01,1.374643164834153719e+00,-3.723463835511688913e-01,1.032593230855001602e+05,2.249718371344297907e+01
1.377579747142709143e+00,-4.598908085875175189e-01,0.000000000000000000e+00,1.320000000000000062e-01,-9.594752638890264862e-01,-5.169987440143331003e-01,1.013145879258302011e+05,3.464544555123838165e+01
1.009408775740263220e+00,3.670314961224485639e-01,0.000000000000000000e+00,1.320000000000000062e-01,1.544384185638168816e+00,-5.701747259272083035e-01,1.028440547321279737e+05,3.665801890683997755e+01
2.069469523564966718e+00,7.867540857239341268e-02,0.000000000000000000e+00,1.320000000000000062e-01,2.653147790304946962e+00,-1.502983142638261160e-01,1.009856299321776023e+05,4.977107564627280567e+01
1.476080894856834913e+00,-6.138458081040953918e-02,0.000000000000000000e+00,1.320000000000000062e-01,1.450293873379276732e+00,8.156770277670681857e-01,9.914141068215666746e+04,1.437555996918795032e+01
-1.119671875571093267e-02,2.252576604151365069e-01,0.000000000000000000e+00,1.320000000000000062e-01,2.494794373865380166e+00,1.411929347743656749e-02,1.045794585992613720e+05,2.691100509342376057e+01
-2.882937577987104705e-01,-1.333105857529714999e-02,0.000000000000000000e+00,1.320000000000000062e-01,1.895892221864375227e+00,-6.241592383693539414e-01,1.004111382487884548e+05,2.666617739298025214e+01
1.427257834618946841e+00,3.734232380816605579e-01,0.000000000000000000e+00,1.320000000000000062e-01,-5.177663343852390021e-01,-8.460566612382518503e-01,1.010508951854053885e+05,2.028226297236187392e+01
-4.204660683751345607e-01,4.007018640112585128e-01,0.000000000000000000e+00,1.320000000000000062e-01,2.609813229143366886e+00,3.923122902758504615e-01,9.720487639414748992e+04,8.458094692121010283e+00
1.257326743820389892e+00,-7.827907312654458494e-02,0.000000000000000000e+00,1.320000000000000062e-01,-7.342246225769004653e-01,-2.344024711272243433e-01,1.012565078942727705e+05,4.887282815919212453e+01
2.320690724274872885e+00,-2.231722027649484241e-01,0.000000000000000000e+00,1.320000000000000062e-01,1.135869890191055109e+00,6.436618931707185354e-01,1.007160764948294382e+05,4.266585933332930125e+01
1.226422533627636868e+00,9.235032859336222977e-02,0.000000000000000000e+00,1.320000000000000062e-01,-4.314515048261693408e-01,3.190215372815403683e-01,9.684838397947025078e+04,2.491665141471186118e+01
6.645097786195657275e-01,4.123633456166909683e-01,0.000000000000000000e+00,1.320000000000000062e-01,-9.531735570763837373e-01,5.924829010827370457e-01,9.559587097353143326e+04,3.016227113420148953e+01
1.429864655327059531e+00,-2.893378109943334220e-01,0.000000000000000000e+00,1.320000000000000062e-01,6.881370405105560195e-01,-4.561079211631025032e-01,1.010435931971477112e+05,1.136305267798311469e+01
8.747586714745498870e-01,1.229665835634827786e-01,0.000000000000000000e+00,1.320000000000000062e-01,1.801628306166249693e-01,3.847178449221162477e-01,1.026369226935032057e+05,2.718935351958734614e+01
1.136850367947804807e+00,1.315602200925205523e-01,0.000000000000000000e+00,1.320000000000000062e-01,9.440019751904120682e-01,-4.718760306125624471e-01,1.002340137092200748e+05,3.474850665607379341e+01
2.324394426329575492e+00,2.331130224152809793e-01,0.000000000000000000e+00,1.320000000000000062e-01,1.308799546938203218e+00,8.781369589005831866e-01,9.726772625319645158e+04,2.575835141932943984e+01
6.583079134023228640e-01,-3.684323148727401964e-01,0.000000000000000000e+00,1.320000000000000062e-01,-8.250437107642105694e-01,2.727485630667487726e-01,1.016652197669303569e+05,4.951425852924706561e+01
2.383571691471742859e+00,2.158249646820885603e-01,0.000000000000000000e+00,1.320000000000000062e-01,-5.079868195050174506e-01,-3.509763996493158178e-01,9.580105726609601697e+04,3.056708281238631031e+01
2.216051925868191219e+00,4.090325206656409973e-01,0.000000000000000000e+00,1.320000000000000062e-01,1.234569585801701397e+00,-4.609762754154547171e-01,9.941833704801954445e+04,1.854868562960845324e+01
8.737340436788931797e-02,-3.203168911297580301e-01,0.000000000000000000e+00,1.320000000000000062e-01,3.726694126906329174e-01,-6.181468298567129871e-01,9.663366758398420643e+04,3.860760138079190540e+01
-2.919160973745036358e-01,-2.624566750761223588e-01,0.000000000000000000e+00,1.320000000000000062e-01,1.916693950197791985e+00,3.892819177874555781e-01,9.684459051059883495e+04,8.523125579082101666e+00
-1.976659958677200457e-01,4.713950940416395952e-01,0.000000000000000000e+00,1.320000000000000062e-01,1.609166594367758663e+00,-5.625687740041453999e-01,9.702293949158203031e+04,1.922579068531332780e+01
-4.453345230453508163e-01,-3.190230472905102310e-01,0.000000000000000000e+00,1.320000000000000062e-01,2.382417451959627286e+00,1.906065318549781118e-01,9.886707057043978421e+04,1.734794751887929110e+01
-2.166711177322148130e-01,3.543850933695791294e-01,0.000000000000000000e+00,1.320000000000000062e-01,1.769971306676901168e+00,-4.707299461492853165e-01,9.551150205620397173e+04,2.159035475538886217e+01
1.549020320249070437e+00,-7.722143551965210406e-03,0.000000000000000000e+00,1.320000000000000062e-01,7.197243095605925234e-01,3.239378895877371711e-01,9.897793440929098870e+04,3.908899129643631198e+01
-2.864340546193130388e-01,-2.527689255968229576e-01,0.000000000000000000e+00,1.320000000000000062e-01,1.691866489577729560e+00,6.298794570810783977e-01,1.001170744711470034e+05,2.420865160817037420e+01
4.569268908812839092e-01,3.707499012725113952e-01,0.000000000000000000e+00,1.320000000000000062e-01,1.015246970216741040e-01,5.560504862893063116e-01,9.983294284966324631e+04,3.970072251329813895e+01
2.034625932908363577e+00,-5.469474499733451012e-02,0.000000000000000000e+00,1.320000000000000062e-01,2.252539951128507134e-01,5.217026618615634437e-01,9.882784100403040065e+04,2.882444515699329557e+01
-4.301841927925224018e-01,1.481735392969019127e-02,0.000000000000000000e+00,1.320000000000000062e-01,2.155940639683173288e+00,-6.245551886154958598e-01,1.033914660807075270e+05,1.710347173287776812e+01
1.943405447766807459e+00,-1.407666306002343104e-01,0.000000000000000000e+00,1.320000000000000062e-01,7.856780656063286905e-01,-8.232301060309625829e-01,9.645326692420504696e+04,4.049893718417362010e+01
3.455643243201997894e-01,9.295085143492742841e-02,0.000000000000000000e+00,1.320000000000000062e-01,2.193521362073409975e+00,3.978976569747711967e-01,1.000569674378137424e+05,1.191448352765457841e+01
-1.455055171350312371e-01,-3.364761274149772330e-01,0.000000000000000000e+00,1.320000000000000062e-01,2.289689494673113668e+00,-2.633055724112973728e-01,9.562041416956554167e+04,1.121914898998977428e+01
1.590211496092452048e+00,-1.089184633482392917e-01,0.000000000000000000e+00,1.320000000000000062e-01,2.430249350645135031e+00,-1.353075471933053997e-01,9.571155678877909668e+04,2.522514620274179009e+01
1.386828540339652083e+00,4.694123223352875129e-01,0.000000000000000000e+00,1.320000000000000062e-01,2.666540943364829275e+00,-9.377018144132178712e-01,1.007386584967709641e+05,1.304246229810444646e+01
2.132416040581158967e+00,-2.418665672988724591e-01,0.000000000000000000e+00,1.320000000000000062e-01,7.239408820531849642e-01,-4.808471014499016150e-01,1.006601842488782131e+05,4.543517475608160883e-01
1.705213131411657201e+00,1.567366645412922033e-01,0.000000000000000000e+00,1.320000000000000062e-01,2.754672732845553362e-01,-9.326471922510719548e-01,1.037803351284445671e+05,3.241487636494007774e+01
1.910442791154545628e+00,-1.748099357753051253e-01,0.000000000000000000e+00,1.320000000000000062e-01,1.328794986376455434e+00,7.583715452024952786e-01,1.005787367566007306e+05,2.555469107361989956e+01
3.461037177139194565e-01,2.734731256866006488e-01,0.000000000000000000e+00,1.320000000000000062e-01,4.846896937505102976e-01,-5.132066335629390519e-01,1.045979102040485013e+05,2.227589072465805842e+01
3.231863133916845765e-02,-3.691263392816501732e-01,0.000000000000000000e+00,1.320000000000000062e-01,1.404296667200931825e+00,1.146743391460161021e-01,9.548694848399929469e+04,4.834842573091576412e+01
1.751844254922574784e+00,4.698210450785447190e-01,0.000000000000000000e+00,1.320000000000000062e-01,1.822343450575298451e+00,-9.220413586777391757e-01,9.598007684780741693e+04,2.855995919814568396e+01
1.920504217801791924e+00,-4.621045861636075003e-02,0.000000000000000000e+00,1.320000000000000062e-01,1.753620073968547466e+00,3.336947826113161319e-01,9.544065861570381094e+04,4.317157888946922384e+01
2.471515426002020011e+00,-2.639495366535360432e-01,0.000000000000000000e+00,1.320000000000000062e-01,4.982115480804854002e-01,-3.539453084918122716e-01,9.685276850333540642e+04,6.972511810258009035e+00
7.378530307342794359e-01,-4.265032526699873427e-01,0.000000000000000000e+00,1.320000000000000062e-01,-3.325591932049887234e-01,7.958383739153316316e-01,1.004127011094167829e+05,2.846032315647138589e+01
6.160542573783494014e-01,-3.302420949124592608e-01,0.000000000000000000e+00,1.320000000000000062e-01,7.221173538488301347e-01,7.762363778680716475e-01,1.014557218142742786e+05,4.339898133654514822e+01
1.829238882225990626e+00,1.977394855601766199e-02,0.000000000000000000e+00,1.320000000000000062e-01,-4.296234236723650568e-01,-3.494187632765044516e-01,9.545585157948668348e+04,2.915528786399490002e+01
5.224106207590535345e-01,-1.629968235687137001e-01,0.000000000000000000e+00,1.320000000000000062e-01,2.560388140735233353e+00,8.019217913809357778e-01,1.044597088984559959e+05,3.590070890635007572e+01
2.292271976810694056e+00,3.288833658826094686e-01,0.000000000000000000e+00,1.320000000000000062e-01,3.835098429514296470e-01,9.923153469975576346e-01,1.034216537665038049e+05,1.860217839061036926e+01
2.075238255529035403e+00,-6.911247633819406211e-02,0.000000000000000000e+00,1.320000000000000062e-01,-3.821610111067048621e-01,6.508313282478961348e-01,9.796612482157093473e+04,4.622475851853330653e+00
7.869820821250550491e-01,-2.512857274123700968e-01,0.000000000000000000e+00,1.320000000000000062e-01,-8.982089603769964903e-01,6.897426955104579704e-01,9.577187530226468516e+04,2.289501475635357153e+01
1.752613203374492112e+00,1.171449866040300547e-01,0.000000000000000000e+00,1.320000000000000062e-01,1.583289545145937005e+00,-5.019825277818201759e-01,9.669887073219056765e+04,1.972396954194287488e+01
1.763628622254047151e+00,2.067772168854458137e-01,0.000000000000000000e+00,1.320000000000000062e-01,1.547609269818972955e+00,1.534047977155126308e-01,9.626944413754972629e+04,4.335300911894736942e+01
-1.906283934922021750e-01,-3.329580920990501403e-01,0.000000000000000000e+00,1.760000000000000175e-01,3.624166663251666698e-01,-8.654881720652642940e-01,9.623283779298946320e+04,1.219976511762361149e+01
2.207658720038700118e+00,-3.323807837116823372e-01,0.000000000000000000e+00,1.760000000000000175e-01,-7.131524446093959746e-01,-8.101641263566605744e-01,1.001856168866573425e+05,4.833671137675540308e+01
1.015757117343571547e+00,-4.633285730664570279e-01,0.000000000000000000e+00,1.760000000000000175e-01,6.385155795809280832e-01,9.977852240665812111e-01,9.745847442493400013e+04,4.790690599022480711e+01
1.979372398323224758e+00,2.364020150656405139e-01,0.000000000000000000e+00,1.760000000000000175e-01,2.448699802535743153e-01,-3.467215011481781239e-01,9.858139716529144789e+04,1.238158215357193548e+01
4.601488030918352568e-01,1.638045276218050850e-01,0.000000000000000000e+00,1.760000000000000175e-01,1.708482558940037421e+00,4.963678240976927558e-01,1.048950533338432288e+05,1.740259777386602380e+01
2.186569685488601422e+00,-2.536912425018611472e-02,0.000000000000000000e+00,1.760000000000000175e-01,1.423116997810761397e+00,6.133301060536329175e-01,1.018431424892534415e+05,4.477778704369425355e+01
6.676050362024894547e-01,3.441704489691971292e-01,0.000000000000000000e+00,1.760000000000000175e-01,4.583749127901599607e-01,7.160465420144583870e-01,1.044898066704700177e+05,4.833111104480537534e+01
-4.674870455591049190e-01,3.056701529500531755e-01,0.000000000000000000e+00,1.760000000000000175e-01,-1.284297829800395974e-01,9.952565948043130550e-01,9.642556555033115728e+04,2.217195514180220073e+01
2.216145929257790748e+00,8.535436439675214704e-02,0.000000000000000000e+00,1.760000000000000175e-01,2.952143864622367442e+00,-5.170070294862643134e-01,9.882139474832569249e+04,1.604985228204489189e+01
-2.261399696415993255e-01,3.682712805132586364e-01,0.000000000000000000e+00,1.760000000000000175e-01,8.160064847844594738e-01,-9.192983462806005868e-01,1.005473180328235467e+05,2.630470066257710116e+01
4.579409127712446015e-01,-2.941587899632317482e-01,0.000000000000000000e+00,1.760000000000000175e-01,1.753096943120948215e+00,-1.776169640108280490e-01,9.576758061888738303e+04,3.438846031828673944e+01
2.350185901152414658e+00,-3.880803806022721236e-01,0.000000000000000000e+00,1.760000000000000175e-01,-4.377881296865568928e-01,-7.398386603421061025e-01,9.504187443627958419e+04,1.367372576874899082e+01
2.351821440812668307e+00,-2.302503884830103820e-01,0.000000000000000000e+00,1.760000000000000175e-01,9.423587986375911996e-01,-9.551482216758897525e-01,1.017043433379691705e+05,3.682365873095363895e+01
1.220313664369858220e+00,-4.429131439106851476e-01,0.000000000000000000e+00,1.760000000000000175e-01,-8.898531205221380525e-01,-2.791463457170277884e-01,1.014181951680143538e+05,2.582867855732051687e+00
1.395511636509397801e+00,3.116952800103200971e-02,0.000000000000000000e+00,1.760000000000000175e-01,1.021820471641799788e+00,5.674765021504728502e-01,9.910788809999611112e+04,2.464724638220822328e+00
8.453365659349594274e-01,4.366056922949614894e-01,0.000000000000000000e+00,1.760000000000000175e-01,2.856069628470809363e+00,1.323613824501417291e-01,9.989644076032032899e+04,1.931438525727726230e+01
3.796323150941935953e-01,-4.606564593314903533e-01,0.000000000000000000e+00,1.760000000000000175e-01,5.368268519432009001e-01,-3.744440215792919080e-01,9.915443000592089084e+04,1.767365960303602890e+01
4.859936361097478841e-01,-3.778900859899732012e-01,0.000000000000000000e+00,1.760000000000000175e-01,-8.440159497003536515e-01,3.086840109854394054e-01,9.524005044844889198e+04,1.578166076835761444e+01
1.517555368231115143e+00,-4.780097171656472188e-02,0.000000000000000000e+00,1.760000000000000175e-01,-8.761768363226258849e-01,-5.359636393823785649e-01,9.835371606217462977e+04,2.455098813344550024e+01
1.757123588313040052e+00,4.338750175279049159e-01,0.000000000000000000e+00,1.760000000000000175e-01,5.519470397874779444e-01,-9.712371078558299509e-01,9.677082255397290282e+04,1.603667911557856129e+01
1.874737131177545812e+00,-1.838438950232494928e-01,0.000000000000000000e+00,1.760000000000000175e-01,-3.599002541472238192e-01,5.287067728728547245e-01,9.598424189101369120e+04,9.612895923404597198e+00
1.868854428383661670e+00,7.234808688392435627e-03,0.000000000000000000e+00,1.760000000000000175e-01,-9.065916146872563530e-01,2.474861697280181794e-01,1.045672043388934981e+05,1.547347745443004641e+01
-2.263816908539288963e-01,-4.584271409496079031e-01,0.000000000000000000e+00,1.760000000000000175e-01,2.024854455800707331e+00,5.246052490019199599e-01,1.009935972504216625e+05,4.874521364051174999e+01
9.832609141077444104e-01,-3.516567990379111386e-01,0.000000000000000000e+00,1.760000000000000175e-01,8.340920355275627252e-01,-9.221239666246687783e-01,1.022865628423660237e+05,2.055567084974243031e+01
-3.273237199500671490e-01,4.866301229588468891e-01,0.000000000000000000e+00,1.760000000000000175e-01,1.569790878906180964e-01,6.742392556613043819e-01,9.815363743266116944e+04,2.223563884291678860e+01
1.148586646971206715e+00,4.651186964360455312e-01,0.000000000000000000e+00,1.760000000000000175e-01,2.600332732065922858e+00,2.390524000726066411e-01,9.893147129494015826e+04,2.882724949755700194e+01
8.245915041201310469e-01,-4.950600190655903843e-01,0.000000000000000000e+00,1.760000000000000175e-01,-5.354441591978975623e-01,1.267907014252802611e-01,9.736923993896723550e+04,4.916703842071132868e+01
2.163112548274899183e+00,4.518117854232389652e-01,0.000000000000000000e+00,1.760000000000000175e-01,2.823675315821276843e+00,2.492280962290631674e-01,9.596965670965424215e+04,1.208006382178815130e+01
5.527450376562361711e-01,1.391199378155003608e-01,0.000000000000000000e+00,1.760000000000000175e-01,2.558668695094112877e-01,7.288664937367281826e-01,9.679031637441583734e+04,3.406410552662168811e+01
-1.487989507171824100e-01,3.679182945200221155e-01,0.000000000000000000e+00,1.760000000000000175e-01,2.553614689234724899e+00,1.738730131178141125e-01,1.029751404529648571e+05,3.579923467708620421e+01
-7.102495384149243307e-02,-4.526014436614089753e-02,0.000000000000000000e+00,1.760000000000000175e-01,1.411771505917846170e+00,1.619007597763586492e-01,1.017754580518377625e+05,3.036622083965329466e+01
1.784531895152416503e+00,1.559602857925024288e-02,0.000000000000000000e+00,1.760000000000000175e-01,2.306829438965949830e+00,9.813583141315316283e-01,1.004692887598547677e+05,4.428916981832204058e+00
1.354654189948783172e+00,-1.115341974307981765e-02,0.000000000000000000e+00,1.760000000000000175e-01,2.936052652841857125e+00,5.134603341371359875e-01,9.975089872866768565e+04,3.384361379137882153e+01
-1.966319716316292654e-01,1.668642575461043442e-01,0.000000000000000000e+00,1.760000000000000175e-01,1.536217512749828984e-01,-1.154123890977294398e-01,1.042243428365612490e+05,3.204735551808774119e+00
-2.476795816550076967e-01,-3.603487452436870964e-01,0.000000000000000000e+00,1.760000000000000175e-01,2.844541941630371884e+00,4.147940000658554283e-01,9.572734947778668720e+04,2.980713247749484651e+01
1.602907394377360184e+00,-4.700264101273220474e-01,0.000000000000000000e+00,1.760000000000000175e-01,5.579275796096814233e-01,-2.215390566164230357e-01,9.780600813237915281e+04,3.697905886108713247e+01
-2.817109809074194171e-01,-1.920700584088090856e-01,0.000000000000000000e+00,1.760000000000000175e-01,5.420476189476892692e-01,-5.422490750330020148e-01,9.849937853570714651e+04,1.054849453099752132e+01
1.965580177871068646e+00,2.046807627366467042e-01,0.000000000000000000e+00,1.760000000000000175e-01,3.615484170180227608e-01,1.937037537755188499e-01,1.028242581221278815e+05,4.208110037713870355e+01
1.618726681469488504e+00,-2.981465478770516375e-01,0.000000000000000000e+00,1.760000000000000175e-01,1.165630429390340783e+00,8.563641962279029407e-01,1.049251462016197183e+05,1.517690276650213166e+00
-2.559536580743007050e-01,1.734324333249173122e-01,0.000000000000000000e+00,1.760000000000000175e-01,-3.834198272860516177e-01,8.582790400309254775e-01,9.740670514757152705e+04,4.219064318291530213e+01
-2.454868577444242472e-01,4.699120461072704424e-01,0.000000000000000000e+00,1.760000000000000175e-01,1.214845941432044718e+00,-3.161894437890193643e-01,1.037430733413708076e+05,2.301645253213825271e+01
2.459918735503526577e+00,-4.060992842105816125e-01,0.000000000000000000e+00,1.760000000000000175e-01,1.166819249640016043e+00,5.535493244338995922e-02,1.033062276043179154e+05,1.087939699658222459e+01
6.228123872683610784e-01,1.726021182251262776e-01,0.000000000000000000e+00,1.760000000000000175e-01,2.047607250419479996e+00,-5.767282028602775945e-01,9.724657397641766875e+04,6.688907249698400115e+00
6.119264412006728548e-01,-5.624978069542885262e-02,0.000000000000000000e+00,1.760000000000000175e-01,2.334599847750342239e+00,9.912622189977668974e-01,9.899332580199222139e+04,4.766535837911862927e+01
1.938398701772507948e+00,3.681422543775053624e-01,0.000000000000000000e+00,1.760000000000000175e-01,7.617654012496961613e-01,9.622358157358714692e-01,9.909672869292518590e+04,3.633279379057835712e+00
2.341745732151576220e+00,-3.228502105526140920e-01,0.000000000000000000e+00,1.760000000000000175e-01,2.093329974059749965e-01,2.990178594148946711e-01,1.047822066852655844e+05,9.954670996796282978e+00
2.458003191468612680e+00,1.926259522261645207e-01,0.000000000000000000e+00,1.760000000000000175e-01,3.733958926837788184e-02,6.088281193549467396e-01,9.680891901378898183e+04,1.739111737165229954e+01
1.760134555776824872e+00,3.381152896481102177e-01,0.000000000000000000e+00,1.760000000000000175e-01,-2.215046531805122676e-01,4.302003225674000397e-01,1.029915797110478161e+05,3.101174244805602243e+01
6.287787565927471789e-01,4.446142194740232423e-01,0.000000000000000000e+00,1.760000000000000175e-01,-7.694096712039004693e-01,1.863164380789363861e-01,9.834192714173109562e+04,2.724005426380491812e+01
-2.494978499039937070e-01,1.832480282896458146e-01,0.000000000000000000e+00,1.760000000000000175e-01,3.697919153388533609e-01,-8.933040060222046108e-01,1.023087034577615996e+05,6.282174620615698757e+00
1.831440747782310474e+00,-2.825235991572694338e-03,0.000000000000000000e+00,1.760000000000000175e-01,8.099076852313302766e-02,-9.047131489467785670e-02,9.920011004295662860e+04,1.448639918691073092e+01
1.175212749207415142e+00,1.178472402012138431e-01,0.000000000000000000e+00,1.760000000000000175e-01,2.865669543465629410e+00,3.495726043348210688e-01,1.007835976311653940e+05,1.193758855430120391e+01
7.726660277409287403e-01,3.689049844787182231e-01,0.000000000000000000e+00,1.760000000000000175e-01,1.230835305000175683e+00,3.550632277673693160e-01,1.033261177332613152e+05,1.067714272451706847e+01
2.219063155284207944e+00,7.060974663882968461e-02,0.000000000000000000e+00,1.760000000000000175e-01,3.891081561220302021e-01,-2.537547631552328209e-01,1.030416556498388381e+05,2.055721682399935091e+01
-1.664075530815459780e-01,-4.696129403031631400e-01,0.000000000000000000e+00,1.760000000000000175e-01,1.321870403974783947e+00,8.833839733160611107e-01,1.036642318353970040e+05,3.520157262958284150e+01
9.778753128725774513e-01,4.309486955069777858e-01,0.000000000000000000e+00,1.760000000000000175e-01,-4.432131946172179759e-01,-6.652859355264379992e-01,9.559617325344658457e+04,1.087264661086179629e+01
-4.659390656977427936e-01,1.895267510315611359e-01,0.000000000000000000e+00,1.760000000000000175e-01,7.761749968088116347e-01,7.188924311212208096e-04,1.019205055303974514e+05,1.833394398514906953e+01
9.059819259823789217e-01,1.765133857772465120e-01,0.000000000000000000e+00,1.760000000000000175e-01,1.504937285684255333e+00,3.817679531016455741e-01,9.639987376721763576e+04,1.954587134205811338e+01
-3.310901729544879490e-01,-2.843248476022828264e-01,0.000000000000000000e+00,1.760000000000000175e-01,9.555913271698055489e-01,3.942716117836184697e-01,9.915818568018410588e+04,4.882282647177051160e+01
-1.435462511957842358e-01,1.588854702326571999e-01,0.000000000000000000e+00,1.760000000000000175e-01,6.071152026172970118e-01,2.972779135376311110e-01,1.004858841505468881e+05,4.773331784395344357e+01
-1.474212596686853560e-01,-1.061355943458415219e-01,0.000000000000000000e+00,1.760000000000000175e-01,2.975393555598792705e+00,-4.494235730962796715e-01,9.902739484746831295e+04,4.000687913760379644e+01
1.447630906348190694e+00,1.512329770414920782e-01,0.000000000000000000e+00,1.760000000000000175e-01,2.521259048595708041e+00,-6.875868626267560568e-01,1.001961167580300826e+05,1.208294604095925884e+01
1.738134637796269644e+00,-3.934069696920092785e-01,0.000000000000000000e+00,1.760000000000000175e-01,1.493623832637760440e+00,2.718806536534217333e-01,1.049652630879861972e+05,3.401865704583484362e+00
1.250106295291478986e+00,1.578453046030360296e-01,0.000000000000000000e+00,1.760000000000000175e-01,1.277509444729131083e+00,1.986042322788754699e-01,9.635217313712854229e+04,1.584520688603123872e+01
2.386517645423625655e+00,4.994137257706665611e-01,0.000000000000000000e+00,1.760000000000000175e-01,1.482641919298336219e+00,-6.412879794215180507e-01,1.017545604533642618e+05,1.333972747169154260e+01
6.246117385711120740e-01,-4.517879611394439721e-01,0.000000000000000000e+00,1.760000000000000175e-01,-1.947515687102669979e-01,4.102782911411266831e-01,9.896000966385615175e+04,2.529629000731969413e+01
3.571362588455821996e-01,4.771741842213172990e-01,0.000000000000000000e+00,1.760000000000000175e-01,5.805509730572744331e-01,-8.965601653268717719e-02,9.633009798907328513e+04,3.888639550338965023e+01
2.105797384568380615e+00,-9.309203927712939031e-02,0.000000000000000000e+00,1.760000000000000175e-01,-8.421618684364027274e-01,3.355211832063058619e-01,9.658736763374309521e+04,4.291614694394289842e+01
1.707875155583579163e-01,3.707534503372591494e-01,0.000000000000000000e+00,1.760000000000000175e-01,9.021841499473066683e-01,6.747341595403013592e-01,1.044927310624561651e+05,4.224320427052542470e+01
2.389667618321833942e+00,2.823854840582734615e-01,0.000000000000000000e+00,1.760000000000000175e-01,1.172098335830652704e+00,-6.605431428461536747e-01,1.037960149671176187e+05,1.798377806115338728e+01
-4.635365759305509759e-01,6.701626098666779718e-02,0.000000000000000000e+00,1.760000000000000175e-01,-8.900105558716164822e-02,-9.617102640063266428e-01,1.040704196041502146e+05,3.436171717303414397e+01
2.409636480122917312e+00,2.384492092513265105e-01,0.000000000000000000e+00,1.760000000000000175e-01,2.856115388662054944e+00,5.582051727915735562e-01,1.049153277582738665e+05,1.564170987621100117e+01
-3.705202641482716608e-01,3.785155613013478915e-01,0.000000000000000000e+00,1.760000000000000175e-01,2.637818443748968011e+00,2.193948503052318699e-01,9.708315390008517716e+04,3.045277161759135431e+00
2.173429341094213374e+00,-9.585967834896702566e-02,0.000000000000000000e+00,1.760000000000000175e-01,1.888572941823623452e+00,3.992791392442434084e-01,9.855439337364061794e+04,3.507826328014711237e+01
1.083103327258899462e+00,-1.729668384367613054e-01,0.000000000000000000e+00,1.760000000000000175e-01,1.133546515061450322e+00,6.763099499772851075e-01,1.016921902992486721e+05,4.913776284893922597e-01
2.478894388357900880e+00,1.675933855635847181e-01,0.000000000000000000e+00,1.760000000000000175e-01,2.479876638590739812e+00,6.056218696490009989e-01,9.983802539860647812e+04,2.045912937292442990e+01
-2.786103057938034144e-01,3.078459419412585829e-01,0.000000000000000000e+00,1.760000000000000175e-01,-4.773906247061483477e-01,9.218402938576493177e-01,9.918389533378333726e+04,1.646896346510378706e+01
1.161562853203962353e+00,2.622851347766157470e-01,0.000000000000000000e+00,1.760000000000000175e-01,2.162039177099539966e+00,7.187015770423643701e-02,9.857811249335593311e+04,3.466887692594261949e+01
2.407907606857296656e+00,2.978136488586344832e-01,0.000000000000000000e+00,1.760000000000000175e-01,-5.007167441326068058e-01,-2.300873468018926893e-02,1.009378063194345159e+05,3.831227363801894370e+01
1.069293532510446454e+00,-6.441668518706700208e-02,0.000000000000000000e+00,1.760000000000000175e-01,2.176842650197621687e+00,-1.962256002185398529e-01,1.007559342864008213e+05,1.520473179856419144e+01
1.388195914405787601e+00,3.178342161750216111e-01,0.000000000000000000e+00,1.760000000000000175e-01,1.030702730054278149e-01,-6.926179143115909209e-01,9.661457834064240160e+04,4.058135072224267503e+01
1.587246066953851731e+00,-3.797909446293915581e-01,0.000000000000000000e+00,1.760000000000000175e-01,2.508362324072755722e+00,1.452144657640448422e-01,9.971739837518439163e+04,1.469583802524668847e+01
8.636231943033196856e-01,4.448909796084954404e-02,0.000000000000000000e+00,1.760000000000000175e-01,2.776168375301591329e+00,-4.459749513480424365e-01,1.005347177620985021e+05,2.231631799932806004e+01
1.382674240252190323e+00,-4.942413395018784295e-01,0.000000000000000000e+00,1.760000000000000175e-01,-4.048161223795374575e-01,8.426150244259509314e-01,1.007028693873138982e+05,3.635092635070670042e+01
1.252942935769300714e+00,-1.754141700997297049e-01,0.000000000000000000e+00,1.760000000000000175e-01,8.507024202615740549e-01,1.663816085541951484e-01,9.710107192912351456e+04,3.464601146123943209e+01
2.203474031472966832e+00,-1.335384651286021240e-01,0.000000000000000000e+00,1.760000000000000175e-01,2.923949512650740434e+00,1.856803610162203189e-01,1.024227139225228748e+05,4.936842361560999848e+01
-3.636608589756263887e-01,-1.038273083907446104e-01,0.000000000000000000e+00,1.760000000000000175e-01,9.336297438925864611e-01,-2.901506782459799538e-01,9.525199094821070321e+04,1.125805121079659443e+01
3.428895687766909672e-01,1.954672066898621718e-01,0.000000000000000000e+00,1.760000000000000175e-01,2.454190090058180562e+00,-8.960212960445850250e-01,9.854831855543162965e+04,3.311589567697911463e+01
2.351234452229676197e+00,-1.114418987296542651e-01,0.000000000000000000e+00,1.760000000000000175e-01,1.354926088525279404e+00,-9.365124692540227613e-01,1.028021264853563334e+05,3.048409541378887155e+01
2.170791351672749059e+00,-5.130637737746934768e-02,0.000000000000000000e+00,1.760000000000000175e-01,5.013196316784074291e-01,-1.533297116936049864e-01,1.006389292105540226e+05,4.575492272450149756e+01
8.669702583571388121e-01,-2.624558691256725362e-01,0.000000000000000000e+00,1.760000000000000175e-01,1.431342221034808126e-01,-8.308692438055242935e-01,9.761162432510859799e+04,7.818107082243752615e+00
1.360397793404610312e+00,-1.267482083706599205e-01,0.000000000000000000e+00,1.760000000000000175e-01,-1.871076356556509168e-01,2.136939110802782427e-01,1.019495311934304773e+05,3.758990817934665074e+01
3.321435489433980370e-01,-2.727303727368485253e-01,0.000000000000000000e+00,1.760000000000000175e-01,2.047192765510788881e+00,7.619460112793148276e-01,1.006739094415607397e+05,2.841343081343841703e+01
6.436347917128393270e-02,-4.268040762315563619e-01,0.000000000000000000e+00,1.760000000000000175e-01,5.461620272921114960e-01,7.658296330374443350e-01,1.029624360945638764e+05,1.373329348939527073e+01
8.910952148199464684e-01,1.034485933813779068e-01,0.000000000000000000e+00,1.760000000000000175e-01,1.045101848803004607e+00,3.180908202644647798e-01,1.023502518618982285e+05,2.372174570735870347e+01
5.600566840781584510e-01,1.682127985550162519e-01,0.000000000000000000e+00,1.760000000000000175e-01,9.693019200047277018e-01,-5.775363370541379826e-01,1.011010792203623423e+05,1.668882985348988868e+01
1.250968335552616217e+00,1.194903460096145009e-01,0.000000000000000000e+00,1.760000000000000175e-01,1.309116116932524942e+00,7.259936627177441260e-01,9.988177675310813356e+04,2.896567013942304314e+01
-2.667960891050454864e-01,-3.650595619942764714e-02,0.000000000000000000e+00,1.760000000000000175e-01,2.462308582498208942e+00,7.721868706264163329e-01,9.633182125667523360e+04,4.445003054073329452e+01
2.423184422998499343e+00,-1.202142198207701851e-01,0.000000000000000000e+00,1.760000000000000175e-01,2.922957374333717606e+00,-6.066928300940825913e-01,9.761333017885383742e+04,2.846524922061010088e+01
2.458632233438808434e+00,3.633336495718252346e-01,0.000000000000000000e+00,1.760000000000000175e-01,6.303368342952677672e-01,4.748521715413545063e-01,9.919099472917085222e+04,3.158612091632920382e+01
1.594485142059235194e+00,1.908178513621805461e-02,0.000000000000000000e+00,2.200000000000000289e-01,2.310075688425212270e+00,-4.269609021457541065e-01,1.009929928700638848e+05,2.593739235573547219e+01
1.108289099032361058e+00,-2.081812237026903212e-02,0.000000000000000000e+00,2.200000000000000289e-01,2.058111178618870607e+00,6.052806247058593048e-01,1.001370785521530488e+05,2.558275322273795283e+00
4.285828488589832341e-01,-4.743579341935643123e-01,0.000000000000000000e+00,2.200000000000000289e-01,1.294115805822293019e+00,9.944757998072053518e-01,9.788184525959529856e+04,1.164292784380471169e+01
1.941385059120845913e+00,-1.587521723738436474e-01,0.000000000000000000e+00,2.200000000000000289e-01,2.824188574447732414e+00,-9.399479893412143738e-01,9.506464357789710630e+04,2.460008647160413631e+01
1.554193517661637713e+00,-1.198043812141429409e-01,0.000000000000000000e+00,2.200000000000000289e-01,-1.981019378863888569e-01,7.947317315818638317e-01,9.996239221900813573e+04,1.551176418723523831e+01
-1.214918196532610573e-02,-1.011772191030995138e-01,0.000000000000000000e+00,2.200000000000000289e-01,-5.629431587615143506e-01,2.452610671973161072e-01,9.785625988562243583e+04,9.088179888059711331e+00
2.232781553481527403e+00,8.017236922733228521e-02,0.000000000000000000e+00,2.200000000000000289e-01,2.415847867821688588e+00,9.467652383296423224e-01,1.023460830071053497e+05,2.520664209592191440e+01
1.967611728769506740e+00,3.360254672687845723e-02,0.000000000000000000e+00,2.200000000000000289e-01,7.565992665349932089e-01,-6.998096494714478588e-02,9.523946265270483855e+04,1.614048967239251553e+01
2.349399739875772219e+00,1.079050927934446236e-01,0.000000000000000000e+00,2.200000000000000289e-01,2.387875416828241892e+00,6.947758611427474751e-01,1.008482781130579096e+05,1.290538215867073646e+01
1.677158525165079794e+00,2.648832615421282677e-01,0.000000000000000000e+00,2.200000000000000289e-01,2.572360820781659729e+00,-8.752118628034455394e-01,1.044147423750606540e+05,2.319927087201903859e+01
1.340245587807369576e+00,3.129857387160934756e-01,0.000000000000000000e+00,2.200000000000000289e-01,-7.501696255237142452e-01,-3.294418998434085477e-01,9.674409267111499503e+04,6.664212904108657298e+00
7.547291088718566243e-01,2.181230762264944056e-01,0.000000000000000000e+00,2.200000000000000289e-01,2.533859051944242768e+00,-8.659669244975800595e-01,9.971649490750595578e+04,4.638728665377036720e+01
2.298185450062039781e+00,4.555236959549346931e-01,0.000000000000000000e+00,2.200000000000000289e-01,7.932762214776887255e-01,9.506862669581410685e-01,9.591421991817138041e+04,4.338510489596195185e+01
2.098191668501224960e+00,-4.817674173236383695e-01,0.000000000000000000e+00,2.200000000000000289e-01,1.041729956016928860e+00,6.339478145436734380e-01,1.012568191226135241e+05,3.538102928702676309e+01
-3.643439896814317791e-01,-3.042220143164539037e-01,0.000000000000000000e+00,2.200000000000000289e-01,1.506370044372840944e+00,7.050948424919409874e-01,1.005053168059622549e+05,5.310691379422810776e+00
-4.208990765082439856e-01,-4.924371250218578799e-01,0.000000000000000000e+00,2.200000000000000289e-01,2.705530426920347065e+00,8.759304628677884175e-01,9.907365524212832679e+04,3.879386272348465070e+01
6.293901006341489079e-01,1.474747141546030038e-01,0.000000000000000000e+00,2.200000000000000289e-01,-9.235356222809438798e-01,-8.297930277604292915e-01,1.002137702147374075e+05,4.039786640545094798e+01
1.931659992345498900e+00,3.980305489499869065e-01,0.000000000000000000e+00,2.200000000000000289e-01,9.073738732712683941e-01,-2.288048149733332703e-01,1.039657465846901032e+05,3.838823088571688658e+01
2.461828387944833274e+00,-2.565177034237007270e-01,0.000000000000000000e+00,2.200000000000000289e-01,1.750888169722242704e+00,-8.579302219119957496e-01,9.696294302311066713e+04,5.698294355962057800e+00
-4.874932668941545089e-02,4.270345447963066476e-01,0.000000000000000000e+00,2.200000000000000289e-01,1.890827830792913833e+00,-5.784137968999427670e-01,9.522564511705347104e+04,3.219539785338823634e+01
1.282392146056405391e+00,-4.397326097104391485e-01,0.000000000000000000e+00,2.200000000000000289e-01,1.770129726148431892e+00,-5.412684459246552837e-01,1.036166488469910109e+05,4.171623978746993089e+01
6.426725698930644270e-01,4.344360268055142971e-01,0.000000000000000000e+00,2.200000000000000289e-01,-4.622594823675125753e-01,-6.178557790484262568e-02,1.007711708238790598e+05,2.886767006098338584e+01
2.409743193443809606e+00,-1.483773127603655873e-01,0.000000000000000000e+00,2.200000000000000289e-01,1.975823534867249265e-01,-4.628756650927148275e-01,1.039065845546184282e+05,3.232036876140445258e+01
2.026356769407126279e+00,-3.985791715507834843e-01,0.000000000000000000e+00,2.200000000000000289e-01,4.348621016680538354e-01,-7.980437863644778140e-01,1.009694522341317206e+05,2.291817397131530853e+01
2.014986114133413331e+00,-1.412824081367436424e-02,0.000000000000000000e+00,2.200000000000000289e-01,2.217748830718019981e+00,-6.650178218117845930e-01,1.031016108995970280e+05,2.643536599420263045e+01
9.060794793849109574e-01,-2.432234322794920578e-01,0.000000000000000000e+00,2.200000000000000289e-01,1.150394896582120907e-01,-7.054488728958181465e-01,9.929673363355148467e+04,1.718842917586260732e+00
7.444585070129954296e-01,-2.151270980380771691e-01,0.000000000000000000e+00,2.200000000000000289e-01,-1.571801445311873380e-01,9.461535958245965716e-01,1.024985993128826813e+05,3.194815109866422986e+01
3.202212157921187075e-01,-1.927100350737134260e-01,0.000000000000000000e+00,2.200000000000000289e-01,2.829792076152384706e+00,5.185850138369472173e-01,1.041304146688985638e+05,4.072360644557959652e+00
-3.308735100472186552e-01,3.030258978326634267e-01,0.000000000000000000e+00,2.200000000000000289e-01,-9.645468595461244021e-01,9.355229305391239425e-01,1.007212296372220590e+05,2.175072971701116842e+01
2.094167128765159536e+00,3.916127667525448608e-02,0.000000000000000000e+00,2.200000000000000289e-01,2.991283422727912811e+00,-1.205190269841829309e-01,9.680785150562379567e+04,1.463275488337039221e+01
1.938703027390232592e+00,-1.886923008439963523e-01,0.000000000000000000e+00,2.200000000000000289e-01,1.707285195429582458e+00,-4.432630366746868056e-01,9.768797615030198358e+04,2.727139751058565409e+01
2.499153019858392000e+00,1.103337833109183652e-01,0.000000000000000000e+00,2.200000000000000289e-01,2.313877197796468277e+00,5.965863944183733558e-01,9.698644576897405204e+04,6.670816776160354067e+00
2.489910511221716138e+00,2.161506742231935618e-01,0.000000000000000000e+00,2.200000000000000289e-01,1.784775853847726523e-01,-3.474921639177064314e-01,9.746857027595733234e+04,3.458217009866591241e+01
1.166295116807882337e+00,-2.273759992664662333e-01,0.000000000000000000e+00,2.200000000000000289e-01,-9.427388893317600882e-01,-4.012332525893034241e-01,9.806415449351035932e+04,3.975057684642352029e+01
1.806962245541531509e+00,-8.645089847464848543e-02,0.000000000000000000e+00,2.200000000000000289e-01,1.951478074246120187e+00,-5.349880155843376173e-01,1.005513378675318818e+05,8.167722487157824673e+00
2.334297189647283943e+00,-3.781139066630524459e-01,0.000000000000000000e+00,2.200000000000000289e-01,2.336578388002703122e+00,-7.406420435515292944e-01,1.008799162946383294e+05,5.215654367594107832e+00
2.048942172032234499e+00,-3.188506504653196849e-01,0.000000000000000000e+00,2.200000000000000289e-01,1.961904527814076538e+00,-4.870738779664680607e-01,9.926499747241861769e+04,7.275774139367957360e+00
2.420443052295929709e-01,1.811178539649828112e-01,0.000000000000000000e+00,2.200000000000000289e-01,-4.285988507966456140e-01,-2.893605030522246047e-01,1.011542077982083574e+05,4.385637809492508410e+01
8.516324059302804450e-01,-3.185616523043730552e-01,0.000000000000000000e+00,2.200000000000000289e-01,2.013711689027876339e+00,3.479884162914608225e-01,9.581574925611366052e+04,2.640946308781780871e+01
-1.125217545455150514e-01,2.516338366706016849e-02,0.000000000000000000e+00,2.200000000000000289e-01,2.075691128430563914e+00,-8.748703155610968452e-01,9.587788237058160303e+04,2.336304980037512991e+01
2.362153081776167340e+00,2.090462617224326802e-01,0.000000000000000000e+00,2.200000000000000289e-01,1.634162062680219574e+00,-5.789861206693140971e-01,9.671829460357657808e+04,5.335590955117713641e+00
1.318523903352640136e+00,-3.931230769052561635e-01,0.000000000000000000e+00,2.200000000000000289e-01,2.064463731182344830e+00,6.180472805833527872e-01,1.001807749804034538e+05,3.247780033784808751e+01
1.859284165103881614e-01,6.731221962890354682e-02,0.000000000000000000e+00,2.200000000000000289e-01,2.383685758710928582e+00,-7.061561528324584724e-01,9.713994678698314237e+04,4.339997959475449818e+01
1.515102053217570077e+00,-2.434372162986362387e-01,0.000000000000000000e+00,2.200000000000000289e-01,1.454416456949833680e+00,-3.147097069549569248e-01,9.783284403492577258e+04,4.140929346617264883e+01
1.354384721373687483e+00,4.629268752375798046e-01,0.000000000000000000e+00,2.200000000000000289e-01,-6.455811441212837565e-01,7.293178437162801675e-01,9.900312836172993411e+04,3.130273544904006400e+01
5.744881540985216084e-01,-1.645435328007527342e-02,0.000000000000000000e+00,2.200000000000000289e-01,9.505112386688434611e-01,-6.901493777131146867e-01,1.031186612401038001e+05,3.763935832583681140e+00
-1.593272234011129385e-01,3.059925497751581069e-01,0.000000000000000000e+00,2.200000000000000289e-01,-6.894026613135797454e-01,-8.345263287636202065e-01,9.513862135912860685e+04,5.619851358800648455e+00
1.514719586778398686e+00,5.022654215626176644e-02,0.000000000000000000e+00,2.200000000000000289e-01,6.301721241297233433e-01,-3.092400983997833919e-02,1.014937882023662241e+05,2.465449355491233785e+00
1.060923102711379906e+00,-4.565874671451808364e-01,0.000000000000000000e+00,2.200000000000000289e-01,6.284259565025105410e-01,-3.951609774429272193e-01,1.016887653104068595e+05,1.287396082462346492e+01
1.816955175206917961e+00,1.331513755940223476e-01,0.000000000000000000e+00,2.200000000000000289e-01,-7.359606234390336787e-01,1.268167289677082366e-01,1.029865578035663639e+05,6.783073358018887333e+00
1.060490503335980161e+00,4.514033422066570100e-01,0.000000000000000000e+00,2.200000000000000289e-01,3.952821358779172733e-01,6.076097809669502858e-01,1.043275293906031293e+05,1.300240201262169393e+01
2.056544500955620247e+00,1.016118201463311888e-01,0.000000000000000000e+00,2.200000000000000289e-01,-5.560076048347406541e-01,-7.257030236945136714e-01,9.520137848949289764e+04,1.925290278594808413e+01
1.155720516323456515e+00,3.191888594267902057e-01,0.000000000000000000e+00,2.200000000000000289e-01,2.232940840036888641e+00,1.613981691085699666e-01,9.653783705513215682e+04,4.714913920355678556e+01
1.182813914606158701e+00,3.842064633484078007e-01,0.000000000000000000e+00,2.200000000000000289e-01,2.790752103857883082e+00,1.101752077972784072e-02,1.038617129405599262e+05,3.051880298908460531e+01
2.129960807975034953e+00,-2.719202280510675251e-01,0.000000000000000000e+00,2.200000000000000289e-01,-7.107340989682455756e-01,-7.118424279736008664e-01,9.958518562187015777e+04,4.174868928414811364e+01
7.104485986371911199e-01,-2.879551600917733545e-01,0.000000000000000000e+00,2.200000000000000289e-01,2.820460829166805627e+00,2.479969710579648101e-01,1.006459063893346320e+05,3.551757503561660911e+01
-9.795431464807780042e-02,1.109809888509917242e-01,0.000000000000000000e+00,2.200000000000000289e-01,1.090306397346980649e+00,-4.527191642784567094e-01,1.016302720372314798e+05,5.625156526331586804e+00
-4.136519710599830812e-01,-8.897153019329528956e-02,0.000000000000000000e+00,2.200000000000000289e-01,1.982627118154955959e-01,-2.433136291197501855e-02,1.017906660449563788e+05,3.679602031869744394e+01
1.765411767020856892e+00,3.398613028667203384e-01,0.000000000000000000e+00,2.200000000000000289e-01,-6.925516988953459574e-01,-8.354553514458762375e-01,1.043174040331650758e+05,1.375494407795622109e+01
1.360928654060393983e+00,4.000231233980111600e-01,0.000000000000000000e+00,2.200000000000000289e-01,1.002497072281671286e+00,-8.083188557275389208e-02,1.049694941741166986e+05,3.195539234973531606e+01
1.612239304297670817e+00,-1.465786206972818917e-01,0.000000000000000000e+00,2.200000000000000289e-01,2.178062177962994728e+00,-3.870730639143593610e-01,1.022015746093094058e+05,1.704809868214942625e+01
1.388924845267321961e-01,-2.631294410255179406e-01,0.000000000000000000e+00,2.200000000000000289e-01,1.828345909066792618e+00,6.447624223707086877e-01,9.787221209205151536e+04,4.988361316323295824e+01
-9.088557323969070900e-02,2.805255152438618227e-01,0.000000000000000000e+00,2.200000000000000289e-01,-7.990959541441049474e-01,-8.860425460052634428e-01,1.037975240229434421e+05,1.317757397483889115e+01
-4.563660029963542142e-01,-2.251939644518639039e-01,0.000000000000000000e+00,2.200000000000000289e-01,-7.083926585283859545e-01,-1.627854501633401174e-01,9.549220914540761441e+04,1.395652353871348339e+01
5.517626764197909317e-01,3.226143185136783886e-01,0.000000000000000000e+00,2.200000000000000289e-01,6.114931305305484344e-01,-8.313715173712399320e-02,9.731080852874496486e+04,4.653361277811991670e+01
1.269753060563899361e+00,-7.626174635123716961e-02,0.000000000000000000e+00,2.200000000000000289e-01,1.811619761917730997e-01,4.500121525982374582e-01,1.039738571746371454e+05,1.232220231816133493e+00
6.767321352991970684e-01,1.675498992914704610e-01,0.000000000000000000e+00,2.200000000000000289e-01,-7.046270777580865285e-02,1.485751501804219998e-01,9.756191514439355524e+04,3.483444939365984538e+01
8.124247660711871877e-01,-4.044646861653318215e-01,0.000000000000000000e+00,2.200000000000000289e-01,1.240179956348543833e-01,3.344246743883620976e-01,9.720651059621748573e+04,3.626631953679390818e+01
2.212476083481245137e+00,1.238593246765730127e-01,0.000000000000000000e+00,2.200000000000000289e-01,2.213930973187538509e+00,5.540985713035122551e-01,9.638125293140247231e+04,4.181892887051996865e+01
5.447664010699009296e-01,-4.823232126277088305e-02,0.000000000000000000e+00,2.200000000000000289e-01,2.716912214527415603e+00,7.244059473163775298e-01,1.035911175764691725e+05,4.872196553192376456e+01
1.041968467479432281e+00,8.660846317547410411e-02,0.000000000000000000e+00,2.200000000000000289e-01,6.204107781102656816e-01,-3.722490065550589922e-01,1.000005825919108611e+05,4.878009595783262142e+01
1.850959038223429332e+00,-3.319857922551365803e-01,0.000000000000000000e+00,2.200000000000000289e-01,2.624444008529988270e+00,7.604541072780590660e-02,1.017489320305415458e+05,3.263837878323194719e+00
6.896283469638104791e-01,2.368737449441821186e-01,0.000000000000000000e+00,2.200000000000000289e-01,2.859828049915278392e-01,6.802161568783997581e-01,9.739066384075029055e+04,4.109196613764512307e+01
1.366260100683620582e+00,3.627970775432285411e-01,0.000000000000000000e+00,2.200000000000000289e-01,9.057479453751664522e-01,9.789022619301128714e-01,1.025804042101121595e+05,3.231549668286906751e+01
2.087091126240235628e+00,-2.832601999092243528e-01,0.000000000000000000e+00,2.200000000000000289e-01,-9.588400873600111396e-02,7.790386220875262779e-01,1.026000554496209807e+05,3.236710671865456135e+01
2.348561870972926346e+00,-4.042854444798382740e-01,0.000000000000000000e+00,2.200000000000000289e-01,1.561904168703375895e+00,-2.570654747512464144e-01,9.812598024908300431e+04,6.417496330734739907e+00
-5.877955721288619095e-02,-4.763614139536636038e-01,0.000000000000000000e+00,2.200000000000000289e-01,2.915924460699235610e+00,-6.096669655626991702e-01,9.910682633010283462e+04,3.250935832228266520e+01
2.279762875484482976e+00,1.419715004432660077e-01,0.000000000000000000e+00,2.200000000000000289e-01,1.413972384173514563e+00,-2.121492518682255302e-02,9.709690277430201240e+04,4.912412903006239162e+01
9.763488792386145754e-01,1.070940360887807641e-01,0.000000000000000000e+00,2.200000000000000289e-01,4.312563364541954769e-01,4.832829036720844851e-01,1.047656102332290466e+05,4.559092847697235129e+01
2.747331648968750484e-01,4.669741271407001904e-02,0.000000000000000000e+00,2.200000000000000289e-01,1.591269783962113493e+00,-1.486185849340482257e-02,1.014560257705841213e+05,2.195653304024252606e+01
8.774072687147840277e-01,-2.680529038840245848e-01,0.000000000000000000e+00,2.200000000000000289e-01,-5.083172861384497310e-01,-3.363827337266300788e-02,1.043454388071551512e+05,1.997398664304717020e+00
2.440097725856431143e+00,-1.090940040944853306e-01,0.000000000000000000e+00,2.200000000000000289e-01,2.554636321061594550e+00,6.764608421636011393e-01,9.803385543629132735e+04,1.811467450001024204e+01
9.778542819786086859e-01,9.447633518617304382e-02,0.000000000000000000e+00,2.200000000000000289e-01,1.012335803119345456e+00,-2.771924418656273037e-01,1.028189091299689026e+05,4.131951558002776181e+01
4.862548308625246340e-01,-3.233141140830619875e-03,0.000000000000000000e+00,2.200000000000000289e-01,7.973989681585682554e-01,7.195893496232912412e-01,1.026585864388474147e+05,3.507495507325830175e+01
1.400202562950177310e+00,4.877855202148873026e-01,0.000000000000000000e+00,2.200000000000000289e-01,1.343459153814076767e+00,-1.863903980965528895e-01,1.019165565186654130e+05,2.296718277969781852e+01
2.204368563345792120e-01,-3.635602474432668707e-01,0.000000000000000000e+00,2.200000000000000289e-01,1.499135451157609822e+00,-3.435337886433211807e-01,1.046563897526680084e+05,2.755076757941554710e+00
-2.724100156740082435e-01,1.951445540475937879e-01,0.000000000000000000e+00,2.200000000000000289e-01,-7.128967750939478876e-01,-9.202017760060199336e-02,9.893555336106315372e+04,2.134473639116513155e+01
-1.133608342680523240e-01,-9.568123189570787446e-02,0.000000000000000000e+00,2.200000000000000289e-01,1.730468884893609616e+00,5.248939173497368937e-01,9.630717323589757143e+04,2.345124698589417633e+01
-1.158624831266826805e-01,-7.180038507438524231e-02,0.000000000000000000e+00,2.200000000000000289e-01,-3.227327873788166102e-02,-7.479959442720114371e-01,1.017170885924406030e+05,4.642777664470679611e+01
-4.429191946311694661e-02,2.175977656581762343e-01,0.000000000000000000e+00,2.200000000000000289e-01,1.855810530026359206e+00,-6.071615682559652338e-01,1.022930980047720659e+05,3.205430517910797050e+01
-8.351848205176959361e-02,1.924361513243696420e-01,0.000000000000000000e+00,2.200000000000000289e-01,2.290139177536786974e+00,9.028896513261839285e-01,1.007506057345881418e+05,1.558264583273244419e+01
1.422624234409643806e+00,4.912559937021883094e-01,0.000000000000000000e+00,2.200000000000000289e-01,2.215834030210081185e+00,-6.490167452372852530e-01,9.706817893133396865e+04,2.626591322253607075e+01
4.564025319743447717e-02,-3.716057105458747678e-01,0.000000000000000000e+00,2.200000000000000289e-01,1.210003869631556483e+00,1.354546358621091517e-01,1.000445594166935480e+05,3.302765391108003712e+00
5.370018499715896176e-01,-3.958903506158336638e-01,0.000000000000000000e+00,2.200000000000000289e-01,1.080679569243004678e+00,1.586289333238757315e-01,9.812189736569130037e+04,4.862841178248684315e+01
2.190365229718035600e+00,2.243388171287411526e-01,0.000000000000000000e+00,2.200000000000000289e-01,-4.284961546423531331e-01,-2.075107589951041831e-02,9.927466528166689386e+04,1.800299509653629926e+01
9.218849207886170571e-01,7.838691700640909588e-02,0.000000000000000000e+00,2.200000000000000289e-01,2.101384601612542369e+00,2.894904971536371718e-01,1.014521857584466343e+05,2.389336774565678922e+01
1.502673215563081754e+00,-2.258393334401941344e-01,0.000000000000000000e+00,2.200000000000000289e-01,8.563752178685746230e-02,-5.403465484047631495e-01,1.024521474269083410e+05,1.776419871184613086e+01
1.695961360488951186e-02,-4.205806310110133950e-01,0.000000000000000000e+00,2.200000000000000289e-01,9.867816912717861655e-01,1.053245355534964123e-01,9.732224690901342547e+04,3.412558650581000563e+01
7.686705642601232569e-02,-4.143417504035694643e-01,0.000000000000000000e+00,2.200000000000000289e-01,1.370963717100668333e-01,-2.556534895062057000e-01,9.905325360646953050e+04,3.311160791647964885e+01
-3.773941512005634102e-01,3.941908746641182848e-01,0.000000000000000000e+00,2.200000000000000289e-01,-4.646865480012274396e-01,3.233345192583780836e-01,9.769161570991629560e+04,3.576611552645677961e+01
6.805189216493645610e-03,-3.081326752812570957e-01,0.000000000000000000e+00,2.640000000000000124e-01,1.518230787566946294e+00,-7.175529132537010746e-01,9.698631613861868391e+04,1.340716148059604151e+01
3.357710170958758678e-01,-1.766284378844792391e-01,0.000000000000000000e+00,2.640000000000000124e-01,-7.826718607083846813e-01,1.417548336789524743e-01,1.028338721999583795e+05,1.578342405820329830e+01
3.103145283024044687e-02,-2.733435977730119815e-01,0.000000000000000000e+00,2.640000000000000124e-01,1.994580936504799951e+00,-6.294592892333525924e-01,1.040925269443699217e+05,6.262561554810397446e+00
-2.338923987288331618e-01,-1.450036941680626912e-01,0.000000000000000000e+00,2.640000000000000124e-01,2.703471810444666446e-01,-4.427138737699272131e-01,9.870232185684576689e+04,3.277549859230563101e+01
-1.380923866981975667e-01,-4.305761572539066329e-01,0.000000000000000000e+00,2.640000000000000124e-01,-9.994612279820587197e-01,-5.625803993528335489e-01,1.025127892437376722e+05,1.989856366782627450e+00
8.823363040981773153e-01,1.905979090827036870e-02,0.000000000000000000e+00,2.640000000000000124e-01,1.044516556948919206e+00,-6.343244402623657852e-01,1.039699528936441056e+05,2.988411677617295226e+01
1.190011552173775300e-01,-4.323874364077850974e-01,0.000000000000000000e+00,2.640000000000000124e-01,-8.125923658895874979e-01,6.514219031213339672e-01,1.034612421053023136e+05,4.348479424258169246e+01
5.928095831442263819e-01,3.003565078223615625e-01,0.000000000000000000e+00,2.640000000000000124e-01,1.046782312835978779e-01,-4.285848646782193239e-01,9.682813388539226435e+04,4.454160741448167471e+01
1.010251812564570528e+00,-2.662879180895669773e-01,0.000000000000000000e+00,2.640000000000000124e-01,1.827905949822864695e+00,8.542475637288986512e-01,1.045629188151336130e+05,2.245188801849808513e+01
1.571184485888095672e+00,4.001191460451059001e-02,0.000000000000000000e+00,2.640000000000000124e-01,-7.492415135125365389e-01,9.398530506903817194e-01,9.876676440429461945e+04,2.296518441065368776e+01
-3.820635804767031907e-01,3.800790875614582509e-01,0.000000000000000000e+00,2.640000000000000124e-01,2.357353969424009321e+00,1.425209398741946742e-01,9.839240661173836270e+04,3.848459150400867834e+00
1.898231196727127923e+00,1.508773690471941764e-01,0.000000000000000000e+00,2.640000000000000124e-01,-9.847203093656675676e-01,-7.139977546685472021e-01,9.562431327277779928e+04,3.353825127215178981e+01
1.383701168472723175e+00,3.295778655133529966e-02,0.000000000000000000e+00,2.640000000000000124e-01,-1.270452319239101513e-02,-2.509035132408374835e-01,9.986173654104882735e+04,4.106297101864227272e+01
-2.547229041533842775e-01,-1.756662468846243996e-01,0.000000000000000000e+00,2.640000000000000124e-01,1.963616224608285776e+00,5.954645266964280204e-01,9.609013615640928037e+04,1.223275273023565290e+01
2.120735872320331783e+00,-1.669980869418020708e-01,0.000000000000000000e+00,2.640000000000000124e-01,2.650805989172271282e-01,-2.652185426058590867e-01,9.748539820927426626e+04,2.106504408166823339e+01
2.262617201595439553e+00,1.694869551981901257e-01,0.000000000000000000e+00,2.640000000000000124e-01,-5.924304477359458865e-01,-8.259655633944225084e-01,9.816942621767280798e+04,4.194196683826351801e+01
-3.167661204354087490e-01,4.941393612211675279e-01,0.000000000000000000e+00,2.640000000000000124e-01,4.409356752017115078e-01,1.135698218563758743e-01,1.030882632349168416e+05,4.385602338311439752e+01
3.306329444416111762e-01,1.618391898493786174e-01,0.000000000000000000e+00,2.640000000000000124e-01,8.157314553810213198e-02,6.902417029920695501e-01,1.037548865039589582e+05,1.215899901321129661e+01
1.918603839379183995e+00,5.778341737002490319e-02,0.000000000000000000e+00,2.640000000000000124e-01,2.370847608642219662e+00,5.918527742870047792e-01,9.802466317461470317e+04,2.752853172706821283e+01
1.744779071150975192e+00,2.306505102392460982e-01,0.000000000000000000e+00,2.640000000000000124e-01,2.533916703405725279e-01,-6.497537197392935227e-01,1.035869812124457385e+05,9.624657531791353193e+00
5.356305806913197465e-02,-3.479438771628184934e-02,0.000000000000000000e+00,2.640000000000000124e-01,2.155729887104028908e+00,3.455292288249334209e-01,1.035723093736979063e+05,5.093938206977827399e+00
1.280479700101309071e-01,-4.398576573992147853e-01,0.000000000000000000e+00,2.640000000000000124e-01,2.567488579242938940e+00,-5.589914731287057847e-01,1.026465095038487343e+05,4.555602506959787945e+01
6.114163083741459559e-01,6.229681587790980579e-02,0.000000000000000000e+00,2.640000000000000124e-01,7.352696783061181129e-01,-5.635849308956555337e-01,9.646695114015181025e+04,4.102537521160545708e+01
9.535689555730639810e-01,4.576252845053802032e-01,0.000000000000000000e+00,2.640000000000000124e-01,2.639772575417568046e+00,7.481435466103703025e-01,1.019032284690072847e+05,3.800174509015869262e+01
1.354764314590887864e+00,-3.246970576423403587e-01,0.000000000000000000e+00,2.640000000000000124e-01,5.092722158527713816e-01,-5.006620945195396910e-01,1.044502406458056939e+05,2.438315940657020953e+00
6.067409187093173450e-01,1.900048908206657394e-01,0.000000000000000000e+00,2.640000000000000124e-01,2.856313665960432679e+00,-4.735053069639776346e-01,1.018254047876715777e+05,4.218643963551287612e+01
8.876041483994436820e-01,-2.990663113409435248e-01,0.000000000000000000e+00,2.640000000000000124e-01,-6.428419018977082899e-01,-9.986932184774008903e-01,9.831616849107833696e+04,2.190220379526918748e+01
1.742412814401269827e+00,3.582768447308126714e-02,0.000000000000000000e+00,2.640000000000000124e-01,1.748077066012970970e+00,7.413380682510353203e-01,1.000057931743083172e+05,1.711975616479298168e+01
-3.899503913282063028e-01,-4.033235503532803801e-01,0.000000000000000000e+00,2.640000000000000124e-01,9.752561618277146849e-01,5.851896264182694374e-01,1.014572504335105332e+05,2.732381805126882313e+01
2.573108330320622583e-01,-4.962906374181486058e-02,0.000000000000000000e+00,2.640000000000000124e-01,5.505952218225882433e-01,2.546578701813559942e-01,1.001057040872850339e+05,4.567662136177791155e+00
1.640048757653657319e+00,2.561633288952460674e-01,0.000000000000000000e+00,2.640000000000000124e-01,1.530847514994403635e+00,5.005315278776845123e-01,9.619952941730969178e+04,3.783232746761994036e+01
2.185620513061597769e+00,-1.524284757610179231e-01,0.000000000000000000e+00,2.640000000000000124e-01,1.815428366537324756e+00,-6.959028651510164032e-01,9.812064044652020675e+04,2.912175384441479409e+01
1.035032326346998488e+00,1.649117244872180255e-01,0.000000000000000000e+00,2.640000000000000124e-01,-9.825469213987636508e-01,-8.335281082484913284e-02,1.030239603055363259e+05,9.329504843658376956e+00
1.096340455795946855e+00,2.954499607897291824e-01,0.000000000000000000e+00,2.640000000000000124e-01,-3.321876450112051238e-01,-2.975612253024382259e-01,1.036141804609551764e+05,9.411609988452280362e+00
-1.784839659806718437e-01,4.271778194794526584e-01,0.000000000000000000e+00,2.640000000000000124e-01,1.852184202537274782e+00,-8.124469474859670193e-01,9.637300032715570705e+04,9.212432578633711344e+00
8.422371004703639308e-01,-2.653579181445464563e-01,0.000000000000000000e+00,2.640000000000000124e-01,1.665541654312825859e+00,-2.773902957015184079e-02,1.045238675239872537e+05,2.850119377596699088e+00
1.097851799365069603e+00,-1.006840841906918582e-01,0.000000000000000000e+00,2.640000000000000124e-01,2.864190020514708834e+00,8.414793006852707702e-01,9.828822617848608934e+04,2.938992246858423840e+01
2.274115109041889848e-01,-3.475839866695825675e-01,0.000000000000000000e+00,2.640000000000000124e-01,2.044151161003131989e+00,-9.198817618986110389e-01,1.016231373873072007e+05,4.201740887942540326e+01
3.077296928481428884e-01,4.924835021583752193e-01,0.000000000000000000e+00,2.640000000000000124e-01,2.803090830925352162e+00,-4.170781730124122344e-01,1.025182514595668181e+05,8.749106993694300005e-01
6.318524893138679488e-01,4.270009679242953160e-01,0.000000000000000000e+00,2.640000000000000124e-01,1.810162006139227842e+00,-5.849181275885930731e-01,1.031194623463788303e+05,2.450232248563677384e+00
-4.397864066668208949e-01,3.995713028055958294e-02,0.000000000000000000e+00,2.640000000000000124e-01,1.922088345577726010e-01,-5.237066926686073653e-01,1.044574970222592965e+05,2.863851383434728959e+01
4.662374967495348521e-01,3.420332943764212708e-01,0.000000000000000000e+00,2.640000000000000124e-01,-5.785403109965741031e-01,8.168691037587505477e-01,9.812919548028822464e+04,4.097478426930261719e+01
1.343440209896339388e-01,2.095797727204218308e-02,0.000000000000000000e+00,2.640000000000000124e-01,2.127295453379742352e+00,-6.386189153141974550e-02,1.035850645455155463e+05,1.633694452843167966e+01
4.824920565337439404e-01,1.235856880027597082e-01,0.000000000000000000e+00,2.640000000000000124e-01,1.576596885903663647e+00,-6.740117412036239486e-02,9.631686903436206921e+04,1.748071994038610910e+01
-1.407136045422463511e-01,-4.108755678839833836e-01,0.000000000000000000e+00,2.640000000000000124e-01,-8.072559504268150832e-01,5.211512849105646161e-01,1.020504090635359316e+05,2.981732487483879623e+01
2.171581842219684866e+00,2.552704204968079260e-01,0.000000000000000000e+00,2.640000000000000124e-01,4.402018636039133348e-01,-6.910155919901483923e-01,1.024197772951398656e+05,1.371064445620734951e+01
1.280777360662145981e+00,-3.722865163647651743e-01,0.000000000000000000e+00,2.640000000000000124e-01,2.827199261937144659e+00,-2.546929179989843028e-02,1.017772324120132107e+05,1.330418303884206566e+00
1.537306957433468568e+00,3.260676302525283843e-01,0.000000000000000000e+00,2.640000000000000124e-01,1.001604582840804891e+00,-1.400295717578805554e-01,9.752314736135152634e+04,3.676142590507980401e+01
1.867513715822014753e+00,2.820280876703858963e-01,0.000000000000000000e+00,2.640000000000000124e-01,7.309165440788185641e-01,1.938213810933122616e-01,1.037304314701520343e+05,3.128249564707265407e+01
9.953265967871718356e-01,2.087446977429764372e-01,0.000000000000000000e+00,2.640000000000000124e-01,8.307984206371759051e-01,9.991154065008771568e-01,9.668858463370395475e+04,2.903779995278295445e+01
-2.392391357377289252e-01,-4.638396194752378854e-01,0.000000000000000000e+00,2.640000000000000124e-01,-1.644691039793451104e-01,5.388977881640941714e-01,9.553634791520830186e+04,3.708420644959115720e+01
1.111319625455643223e+00,-1.968716440546713908e-01,0.000000000000000000e+00,2.640000000000000124e-01,4.748286834591808336e-01,-2.042685939651456284e-01,1.021746499061191280e+05,3.376154187810187324e+01
1.260523354062637491e+00,-2.368874300891571361e-01,0.000000000000000000e+00,2.640000000000000124e-01,4.792530239487065025e-01,6.551061045480939260e-01,9.975475715232733637e+04,1.029409940891605757e+01
1.736318422552989738e+00,-1.398635925284809067e-01,0.000000000000000000e+00,2.640000000000000124e-01,-7.905799192501103967e-01,-6.585832733750396351e-01,1.034909801995867601e+05,1.762405234716755587e+01
7.949786386890380641e-01,-4.123572532361614584e-01,0.000000000000000000e+00,2.640000000000000124e-01,2.070270514071673063e+00,-9.390726273820797498e-01,9.883397141058258421e+04,6.305507083931249923e+00
-1.172590916133087191e-01,4.369578230310627864e-01,0.000000000000000000e+00,2.640000000000000124e-01,6.660177276155159198e-01,-5.911032550714538925e-01,9.668278588507712993e+04,6.492850670894051213e+00
3.513277173961734112e-01,5.380224071237627026e-02,0.000000000000000000e+00,2.640000000000000124e-01,2.288719547265693155e+00,-3.191768877714806774e-01,1.033644219246986904e+05,3.380978731782695945e+01
5.892468891959052879e-01,-1.944756893419764543e-01,0.000000000000000000e+00,2.640000000000000124e-01,2.401392004479581566e+00,2.116151491911977267e-02,1.004890963164007117e+05,4.293000534912491162e+01
1.437751723994803665e+00,-1.030184829257165813e-01,0.000000000000000000e+00,2.640000000000000124e-01,-1.520237812053677473e-01,2.302582810823996518e-01,9.689195792390355200e+04,4.813662919305695453e+01
1.212334914006735653e+00,-5.279745949516434500e-02,0.000000000000000000e+00,2.640000000000000124e-01,1.629413928680514267e+00,8.212114344288434786e-01,1.022038399858644552e+05,3.141735587747221814e+01
5.682901776935387339e-01,1.005943333606172940e-01,0.000000000000000000e+00,2.640000000000000124e-01,8.891272166519268438e-01,1.970801910091535269e-02,1.001111363848949986e+05,9.205066168047848052e+00
2.459545746378938968e+00,1.567942769649777190e-02,0.000000000000000000e+00,2.640000000000000124e-01,2.520626951685940309e+00,2.551289251458754848e-03,1.010431298224031925e+05,5.282517272446535017e+00
1.317324458070661564e+00,4.193919732144173462e-01,0.000000000000000000e+00,2.640000000000000124e-01,-1.370372832941835206e-01,-8.995139803540357359e-01,9.960898338206582412e+04,4.064254857683788913e+01
2.116803752079834400e-01,-3.036517094169743913e-03,0.000000000000000000e+00,2.640000000000000124e-01,1.711252801240176868e+00,-9.301768946875523802e-01,1.032870898381800653e+05,2.893782381799996273e+01
-1.946525821387887767e-01,4.921580148233126728e-01,0.000000000000000000e+00,2.640000000000000124e-01,1.431008489010890283e+00,1.023199238327441307e-01,1.032956271568304946e+05,3.091425105068599066e+01
-4.142258244700391945e-02,3.514249577450957451e-01,0.000000000000000000e+00,2.640000000000000124e-01,1.812059102873311289e-01,-1.236427735033109876e-01,1.020938882182438683e+05,3.907310443773545927e+01
2.378731851535244024e-01,-2.914894856426641923e-01,0.000000000000000000e+00,2.640000000000000124e-01,-4.535963853953095537e-01,6.783607899605972325e-01,9.605401377396461612e+04,3.516386138662257821e+01
-1.795588022133298711e-02,4.305952146439162576e-01,0.000000000000000000e+00,2.640000000000000124e-01,1.606559041909106256e+00,-6.786408305763096394e-01,1.033885386190406862e+05,4.172291264280482892e+01
5.970107215391728950e-02,-3.836336021145239084e-01,0.000000000000000000e+00,2.640000000000000124e-01,1.954389832529322746e+00,-9.500566757659008044e-01,1.017101298053290957e+05,2.810695272993923854e+00
3.552855060815413024e-01,3.174497084911915845e-01,0.000000000000000000e+00,2.640000000000000124e-01,2.625093750533999959e-01,-1.019224641397482589e-01,1.019702416600430006e+05,3.737603183732524315e+01
2.012078588426446935e-02,-1.193767065234199176e-01,0.000000000000000000e+00,2.640000000000000124e-01,1.579330416089255174e+00,-5.250428864954850283e-01,9.862982840403872251e+04,4.254263786610476927e+01
2.190296273879275724e+00,3.779743204450695115e-01,0.000000000000000000e+00,2.640000000000000124e-01,5.805236304460130725e-01,-9.007712533223251050e-01,1.037927955615700630e+05,1.430675212291571619e+01
-2.592987630150733747e-01,3.680566901074503461e-01,0.000000000000000000e+00,2.640000000000000124e-01,1.852827533130470883e+00,4.491965736952578947e-01,1.022537160023485776e+05,3.202236369966264107e+01
1.073534168710764014e+00,3.059254001176211490e-01,0.000000000000000000e+00,2.640000000000000124e-01,-2.031389004237875717e-01,-7.768140000855050520e-01,9.612590466529194964e+04,1.570810319184860404e+01
7.311904809689844242e-01,2.900304363070613789e-01,0.000000000000000000e+00,2.640000000000000124e-01,2.560860010544697474e+00,2.166390000155433704e-01,9.907778034406162624e+04,4.789855332412270172e+01
2.447135850725818962e+00,-1.953208609019592146e-01,0.000000000000000000e+00,2.640000000000000124e-01,1.496383858623189234e-01,-4.379004996662216875e-01,1.038638036196014145e+05,1.671178621775187834e+00
-1.638832934958429632e-01,-4.190807169487478223e-01,0.000000000000000000e+00,2.640000000000000124e-01,4.711439510246115958e-01,-6.530078992899559509e-01,9.547196701697379467e+04,2.898964219164775358e+01
6.935667971372247997e-01,-9.701982123483854359e-02,0.000000000000000000e+00,2.640000000000000124e-01,-7.676321916786008615e-01,-2.404969541613650730e-01,1.046141661964204977e+05,8.325177352475755299e+00
2.408411299826106688e+00,-3.264754850134913289e-01,0.000000000000000000e+00,2.640000000000000124e-01,-5.539511507148944247e-01,6.028915524459073083e-01,1.017916256831956271e+05,3.561101025885793092e+01
2.096521377681940912e+00,1.949510889024617111e-01,0.000000000000000000e+00,2.640000000000000124e-01,1.063447610849312497e+00,-2.158128461908546125e-01,1.013137597764337697e+05,8.794514170933103614e+00
1.951216212847839859e+00,-1.539002734622144652e-01,0.000000000000000000e+00,2.640000000000000124e-01,7.037070691188596072e-02,5.015392984221114236e-01,9.770559256487991661e+04,1.176916309491787871e+01
2.737084811348194924e-01,4.756102008599149000e-01,0.000000000000000000e+00,2.640000000000000124e-01,2.341920902968777529e+00,-7.490274064016986255e-01,9.748791788739176991e+04,2.471854055228790514e+01
1.266276217019746131e-02,1.409720773453320142e-01,0.000000000000000000e+00,2.640000000000000124e-01,-9.412264453801846287e-01,5.455428393301582357e-01,1.044205821948859520e+05,4.574174749984390331e+01
1.505929659773292961e+00,3.224805636343609505e-01,0.000000000000000000e+00,2.640000000000000124e-01,5.163761946877447606e-01,-5.261333501867027085e-01,9.798272454234122415e+04,1.058571860739854209e+01
2.288127967382757255e+00,-3.674753272581515740e-01,0.000000000000000000e+00,2.640000000000000124e-01,3.493821870763706983e-01,3.547862597777455829e-01,1.027550529671900003e+05,7.212001055905176372e+00
1.170288679041789237e+00,3.620144822726225620e-01,0.000000000000000000e+00,2.640000000000000124e-01,-9.226894763295958590e-01,1.315631096819926960e-01,9.893121798207079701e+04,3.794884159270153390e+01
1.214838068409699545e+00,4.227571905133943320e-01,0.000000000000000000e+00,2.640000000000000124e-01,-5.025264039979591146e-01,8.582894344233746864e-01,9.639254070784704527e+04,2.503097661669654883e+01
3.399372809808525187e-01,-1.293808118106409832e-02,0.000000000000000000e+00,2.640000000000000124e-01,6.545706996745410677e-01,-2.253549640493719419e-01,9.510715297695358458e+04,4.558925561908856849e+01
1.808478799575810925e+00,1.062529377509774386e-01,0.000000000000000000e+00,2.640000000000000124e-01,9.714583377897865191e-01,-8.676696223311191059e-01,1.004425733701525023e+05,7.330727857992114238e+00
6.113124567257011144e-02,2.648098009029954403e-01,0.000000000000000000e+00,2.640000000000000124e-01,6.171589890194764116e-01,-9.616890288974941914e-01,1.047577881854893349e+05,3.229639465115196373e+01
4.710377092127310261e-01,-3.251613727395874509e-01,0.000000000000000000e+00,2.640000000000000124e-01,1.123750713648375310e+00,6.537171219455062410e-01,9.869136193809204269e+04,1.164395730759075143e+01
7.763093158492502255e-01,2.566076463442423794e-03,0.000000000000000000e+00,2.640000000000000124e-01,1.380526699622726117e+00,4.947127532286432761e-02,9.857192333993045031e+04,7.838021432581965264e+00
1.022831136053365064e+00,-1.013369722276868945e-01,0.000000000000000000e+00,2.640000000000000124e-01,-9.603047154886574788e-01,5.504881036698985319e-01,9.844091617849441536e+04,3.417147075786352417e+01
2.272291972452407105e-01,-3.536260078377508886e-01,0.000000000000000000e+00,2.640000000000000124e-01,8.563806378140155218e-01,-5.311487999769706203e-01,1.002054383730485861e+05,2.968423099543666055e+01
-1.554895257823893928e-01,-1.324655777084685626e-01,0.000000000000000000e+00,2.640000000000000124e-01,2.853996963550353261e+00,-3.098325089735325388e-01,9.940664883424293657e+04,3.774137291811656070e+01
1.331860127324897780e+00,-4.318276906145064320e-01,0.000000000000000000e+00,2.640000000000000124e-01,1.076129120518194870e+00,-9.397922555773621234e-01,1.037991462672701455e+05,1.547312882230911768e+01
3.658916597207673149e-01,-4.741880930505130154e-01,0.000000000000000000e+00,2.640000000000000124e-01,1.710169069835812738e+00,9.229846491482243120e-01,1.000552079172349040e+05,2.239858281910949600e+01
1.243714664267836945e+00,-3.648337108451772393e-01,0.000000000000000000e+00,2.640000000000000124e-01,2.474554316675328103e-01,3.357358134016268369e-01,1.000775783818856871e+05,2.027358381652092234e+01
-3.691185417739306640e-02,4.631151115891738446e-01,0.000000000000000000e+00,2.640000000000000124e-01,2.095965512611050130e+00,8.664101755186124354e-01,9.638371594720556459e+04,4.920447319832570798e+01
9.434203055644525548e-01,4.952953589501696285e-02,0.000000000000000000e+00,2.640000000000000124e-01,2.091685927504460363e+00,-4.690071851418553539e-01,1.048273954091038613e+05,1.461244783696939464e+01
1.097768297654757585e+00,4.658221611532199491e-01,0.000000000000000000e+00,3.080000000000000515e-01,1.085184190616555799e+00,2.229272224513216827e-01,9.749972890868829563e+04,1.474086191733834283e+01
-3.445293895327192768e-01,-6.750212166986802043e-02,0.000000000000000000e+00,3.080000000000000515e-01,2.904055293116854397e+00,3.569999365852756235e-01,9.573364067459602666e+04,1.772741044143036859e+01
5.098128345817616314e-01,-1.881838669147404275e-01,0.000000000000000000e+00,3.080000000000000515e-01,-4.977991409493864872e-01,-3.649005994848231182e-01,1.016314624897520844e+05,2.822970406451607417e+01
-9.675596918307727279e-02,6.141862840244094457e-03,0.000000000000000000e+00,3.080000000000000515e-01,-9.322093404416760265e-01,6.962184700312601393e-01,1.009536637015687302e+05,1.261613721318726178e+01
-3.098750885816967671e-01,-6.048831136708987533e-02,0.000000000000000000e+00,3.080000000000000515e-01,2.080632847028383914e+00,8.943229258004956606e-01,9.915145653992745792e+04,4.576449701896369504e+01
2.469880697169835493e+00,-3.943353157382560870e-01,0.000000000000000000e+00,3.080000000000000515e-01,2.228622149459530188e+00,7.697102353920086681e-01,9.922192233880677668e+04,1.328427824331317453e+01
4.670615349241689085e-01,1.408263146902062335e-01,0.000000000000000000e+00,3.080000000000000515e-01,-5.191710835176950312e-01,4.781339518787450782e-01,1.028506392104643164e+05,4.479078657800973673e+01
1.929623337563904695e+00,-2.839618174904003922e-01,0.000000000000000000e+00,3.080000000000000515e-01,6.233133183442429726e-02,-4.450706405500919338e-01,9.695712640099649434e+04,5.173753182329232203e+00
2.639219642912915553e-01,1.195879548978295848e-01,0.000000000000000000e+00,3.080000000000000515e-01,-9.297905465334843633e-01,-4.367679157887365271e-01,1.032025331894488918e+05,3.282813511998261902e+01
1.544508166671787919e+00,1.502010923981533796e-01,0.000000000000000000e+00,3.080000000000000515e-01,1.732344431222587744e-01,9.267206408920758420e-01,1.014874711389501754e+05,4.534927592191218793e+01
1.780683579669059657e+00,-3.479751468713518925e-01,0.000000000000000000e+00,3.080000000000000515e-01,2.092567495674686029e+00,-9.794310081286159431e-01,9.918969773779524257e+04,8.437471919911477158e+00
1.286916221823532824e+00,-4.386503728893318410e-01,0.000000000000000000e+00,3.080000000000000515e-01,1.071842110850315777e+00,4.320999464842889548e-01,9.958028616583868279e+04,4.841634800496274949e+01
9.147285656504751117e-01,2.807615860684398168e-01,0.000000000000000000e+00,3.080000000000000515e-01,3.923823726731523465e-01,4.124923251105243605e-01,9.756647207186096057e+04,2.264416802077558444e+01
7.355227424418055993e-01,-4.019957623067982322e-02,0.000000000000000000e+00,3.080000000000000515e-01,4.869571796253211460e-01,2.453790818995948975e-01,1.025211433269697445e+05,4.728575542205122417e+01
5.466047996289860045e-01,-4.418362044945242095e-01,0.000000000000000000e+00,3.080000000000000515e-01,-9.945854971381273835e-01,9.802176921737315585e-01,1.001287474230526714e+05,3.384100218150234696e+01
2.288587432743477645e+00,4.948663171697671448e-01,0.000000000000000000e+00,3.080000000000000515e-01,1.992021102609435879e-01,-3.762411284725495353e-01,9.820854542749843677e+04,1.507934349367757676e+01
1.991858223363187186e+00,-4.422194390036333633e-01,0.000000000000000000e+00,3.080000000000000515e-01,1.585834966551721958e+00,-3.200562724135036508e-01,1.009605011576094985e+05,9.415126245855320875e+00
2.395080731999537527e+00,1.950352288585531779e-01,0.000000000000000000e+00,3.080000000000000515e-01,2.896777775265428456e+00,-8.421211941068889040e-01,1.049573445205132302e+05,1.518675231125497049e+01
-1.271083295433658167e-01,4.836789252634136060e-01,0.000000000000000000e+00,3.080000000000000515e-01,2.388243307935598025e+00,-1.144037269125250944e-01,9.935262279656554165e+04,4.650870463133749411e+00
1.692602425610932659e+00,-2.608198957840743848e-01,0.000000000000000000e+00,3.080000000000000515e-01,-9.056201414178834952e-01,-4.779029475303038232e-01,1.042069140077861957e+05,7.193398317166488809e+00
2.315021370463113293e+00,-3.577506313128038240e-01,0.000000000000000000e+00,3.080000000000000515e-01,2.594242418699357344e+00,-3.132265956447115585e-01,9.845016839924566739e+04,5.233022017324056918e+00
4.369919849698045144e-02,-3.786150605775711053e-01,0.000000000000000000e+00,3.080000000000000515e-01,2.132793653194503758e+00,6.691435805112553314e-01,9.554732706924986269e+04,2.114717718707788663e+01
-3.005111978996675148e-01,-1.967248524324044512e-01,0.000000000000000000e+00,3.080000000000000515e-01,2.121504494283921627e+00,8.709690270549914626e-01,9.704242106368429086e+04,3.977891881287931852e+01
1.723361947870177158e+00,-3.989541889893533089e-01,0.000000000000000000e+00,3.080000000000000515e-01,8.319830360142859149e-01,-6.285338559896287425e-01,9.918695143327684491e+04,7.069177710817009519e+00
1.223419339539735695e+00,1.921613416941319041e-01,0.000000000000000000e+00,3.080000000000000515e-01,5.920211718180112825e-01,-2.549821368930682564e-01,9.719634928594568919e+04,6.516021658616794276e+00
2.025486330274816282e+00,-4.377082018699373078e-01,0.000000000000000000e+00,3.080000000000000515e-01,2.116629153327704849e-01,8.572611242307881518e-01,9.500227038218255620e+04,3.217144747586653608e+01
-8.068287012113151135e-02,9.422128149789710250e-03,0.000000000000000000e+00,3.080000000000000515e-01,-7.372205641825368971e-01,-8.763830786215547342e-01,1.041500153774752689e+05,9.859149098403314326e+00
1.885801935579670463e+00,4.966968538529767940e-01,0.000000000000000000e+00,3.080000000000000515e-01,-8.705854602520357588e-02,-8.152789437772429704e-01,1.034387941123092896e+05,4.880501905449579958e+00
1.048819601432335880e-01,3.139702695060188065e-01,0.000000000000000000e+00,3.080000000000000515e-01,-1.358546008790151305e-02,-6.744180215875412721e-01,1.024229223148694728e+05,8.342428910278881560e+00
-9.032171402886479683e-03,1.152194382310108844e-01,0.000000000000000000e+00,3.080000000000000515e-01,9.363082788408063628e-01,1.904256682537495138e-01,9.667814595646028465e+04,4.618656979383880667e+01
-7.202606207021178264e-03,-1.937463792133883311e-01,0.000000000000000000e+00,3.080000000000000515e-01,1.989777626386775911e+00,-6.990554579880050579e-01,9.620363576209986059e+04,4.107356263880954117e+01
1.943724160694146441e+00,1.238958362916384726e-01,0.000000000000000000e+00,3.080000000000000515e-01,8.952393135917864342e-01,9.361527629014669838e-01,9.567604749472382537e+04,1.770322811775470484e+01
1.495591662088600504e+00,2.704146391165163088e-02,0.000000000000000000e+00,3.080000000000000515e-01,-7.686222022113575747e-01,-1.065709454829593117e-01,1.022402918877292104e+05,3.279103836636964076e+01
1.069196274307357974e+00,-7.391661610962851903e-02,0.000000000000000000e+00,3.080000000000000515e-01,2.831159203952815506e+00,3.035920700332761513e-03,1.042880796068788477e+05,2.686378368340190548e+01
5.764914523705075844e-01,-3.692896232598005257e-01,0.000000000000000000e+00,3.080000000000000515e-01,2.770897276376449003e+00,-5.066827683891870215e-01,9.930535820913036878e+04,3.385621317412820019e+01
2.131601622439324828e+00,3.866042152404667309e-01,0.000000000000000000e+00,3.080000000000000515e-01,2.140758172593633546e+00,-5.807949513053300983e-02,9.619140671996047604e+04,3.413355762313796760e+01
6.773353222679061592e-01,-5.021535117867748088e-02,0.000000000000000000e+00,3.080000000000000515e-01,2.965311606256882282e+00,3.238272652740230573e-01,1.001239282073210634e+05,3.143670075299964850e+01
1.949798318414731391e+00,-3.053774881792349349e-01,0.000000000000000000e+00,3.080000000000000515e-01,1.177929331201051699e+00,5.023542739080855135e-01,9.848831907458629576e+04,1.330506842686542868e+01
8.174047257106553666e-01,-1.322406491227103853e-01,0.000000000000000000e+00,3.080000000000000515e-01,2.851073401012824249e+00,5.077361654198260243e-01,9.874824924349997309e+04,1.950321038140906404e+00
6.308332882747227366e-01,-8.587024747107296907e-02,0.000000000000000000e+00,3.080000000000000515e-01,-6.975798375329969048e-01,1.557822253881766539e-01,1.012133062415570748e+05,2.277833909950544111e+01
8.880393570088194188e-01,3.275378955668742931e-01,0.000000000000000000e+00,3.080000000000000515e-01,4.627229930454852536e-01,8.087195499877144478e-01,1.021871811326220195e+05,4.454869423453519062e+01
4.041336224924262366e-01,2.336143805614020463e-01,0.000000000000000000e+00,3.080000000000000515e-01,-9.847492797293666555e-02,6.348156946122187616e-01,9.610603598873161536e+04,2.847486292592879664e+01
1.742828140528753345e+00,2.693048936413398042e-01,0.000000000000000000e+00,3.080000000000000515e-01,-2.166676634629198794e-01,5.140962293972508590e-01,9.535590230806476029e+04,4.161955208509539261e+01
1.008161170277437346e+00,-4.889687355713527861e-01,0.000000000000000000e+00,3.080000000000000515e-01,-4.367882044292956678e-01,-8.887889566390787532e-01,1.049433030268571456e+05,4.958121714806140545e+01
1.966380854404519152e-01,-8.384600182023849158e-02,0.000000000000000000e+00,3.080000000000000515e-01,1.489654566263986624e+00,-9.862440755607013720e-01,9.732728348915552488e+04,8.180810206913813332e+00
2.198723719823705292e+00,-1.865584836467637508e-02,0.000000000000000000e+00,3.080000000000000515e-01,2.125287422989220243e+00,-5.751054456090540778e-01,9.553830524908458756e+04,3.458888195709911884e+01
6.516736641196341218e-01,-4.808077231769433135e-01,0.000000000000000000e+00,3.080000000000000515e-01,1.313193597681442615e+00,3.270471878269045618e-01,9.689875329095919733e+04,3.371467868500123188e+01
1.130658583341965784e+00,-2.401867912549657813e-01,0.000000000000000000e+00,3.080000000000000515e-01,-4.121491616471613106e-01,-1.776050222349083718e-01,9.538957846348463499e+04,4.899777236791392454e+01
2.219416332893640931e+00,2.602898231221350001e-01,0.000000000000000000e+00,3.080000000000000515e-01,2.244495079733883625e+00,-1.951874814013765391e-01,9.891810894617172016e+04,4.928003669764001415e+01
1.372713987741976283e+00,-3.628902942710009460e-01,0.000000000000000000e+00,3.080000000000000515e-01,1.543818828654913933e+00,7.691737764592274651e-01,1.030240178445132478e+05,3.433393058620647054e+01
-1.493058778749077886e-01,3.531013145259165320e-02,0.000000000000000000e+00,3.080000000000000515e-01,5.526628245079820978e-01,7.911256962636774581e-01,9.841244449757720577e+04,1.218073959910971382e+01
2.319496370840425481e+00,-2.847981279827624945e-01,0.000000000000000000e+00,3.080000000000000515e-01,1.696521182144251849e+00,8.183505281071714599e-01,9.944183406878366077e+04,3.992779190652995425e+01
1.383124159214253579e+00,-4.878792253561067271e-01,0.000000000000000000e+00,3.080000000000000515e-01,3.961991697133138146e-02,-3.722438469699453911e-01,1.017558677356743865e+05,5.351456710551905083e+00
5.047168439712583776e-01,-2.587985424004585200e-01,0.000000000000000000e+00,3.080000000000000515e-01,3.807688339768420249e-01,3.821116254785235089e-01,1.000889407006988040e+05,3.903496520858143271e+01
-8.218378200983822435e-02,4.758737549100537922e-01,0.000000000000000000e+00,3.080000000000000515e-01,2.669943372527960879e+00,-4.567336374512607211e-01,1.036144568602132495e+05,4.550980620723482417e+01
1.882075567810888028e+00,3.015371118829895947e-01,0.000000000000000000e+00,3.080000000000000515e-01,1.620180226856815509e-01,-6.187803338511004281e-01,1.036603567504575622e+05,1.914166973842176134e+01
1.360218267785540558e+00,4.595766443210334007e-01,0.000000000000000000e+00,3.080000000000000515e-01,8.799530726317463802e-01,-6.307350853052615669e-01,9.509910695491153456e+04,3.153176474915402139e+01
1.100383275928964455e+00,-1.214595607363755381e-02,0.000000000000000000e+00,3.080000000000000515e-01,2.560564549584058547e+00,-3.157847582728119384e-01,1.027804630648319871e+05,2.150713660484131395e+01
2.181677749152872714e+00,-3.902638013224964952e-01,0.000000000000000000e+00,3.080000000000000515e-01,1.830885401070109886e+00,-1.400847604403565594e-01,9.960733600241673412e+04,2.188825274940642274e+01
1.865791633673592465e+00,4.795948897369295416e-02,0.000000000000000000e+00,3.080000000000000515e-01,-7.511870953411889928e-01,6.618983421101367615e-01,1.048884054130366276e+05,1.551854445540600302e+01
-4.497536080174646678e-02,-4.562266544003912294e-02,0.000000000000000000e+00,3.080000000000000515e-01,-4.107878228841186363e-01,-7.602178130545758084e-01,9.983232075875435839e+04,3.810648102251622760e+01
4.351662033866446899e-01,3.443570827396159606e-01,0.000000000000000000e+00,3.080000000000000515e-01,-9.686336369123327295e-01,4.698516947897883878e-01,1.048689594538829697e+05,4.680882820832525937e+01
2.454674194433972279e-01,-4.019174192157554115e-01,0.000000000000000000e+00,3.080000000000000515e-01,1.523687160916653571e+00,6.290982837861069932e-02,1.025456936120573664e+05,4.703754296172305516e+01
1.731838877718030911e+00,-1.175886297822181792e-02,0.000000000000000000e+00,3.080000000000000515e-01,7.906937016416732966e-01,-4.241093146480150455e-01,9.748604884613306785e+04,8.739064243746691218e+00
-3.994026957926618548e-01,-3.499513353060157428e-01,0.000000000000000000e+00,3.080000000000000515e-01,-4.629005963908978671e-01,-1.436083093435081004e-02,1.003839497928695782e+05,4.373718248282830245e+01
1.209669054613949690e+00,-1.753240731099400262e-01,0.000000000000000000e+00,3.080000000000000515e-01,2.831736484227081796e+00,-4.001158604459547075e-01,1.049213563947858347e+05,3.687157207135610548e+01
1.787376057222071601e+00,2.373570773877996531e-01,0.000000000000000000e+00,3.080000000000000515e-01,1.118638895782479548e+00,1.921639104766119654e-01,1.035753060775192425e+05,1.264187003451446323e+01
2.130296910285248480e+00,-2.398187063123347063e-02,0.000000000000000000e+00,3.080000000000000515e-01,-3.242682354844328430e-02,-1.323121542895115965e-01,9.597366893791221082e+04,3.364230646075727638e+00
5.262452461477225008e-01,-1.241117148542306703e-01,0.000000000000000000e+00,3.080000000000000515e-01,1.002414284618830198e+00,-6.711889418422425369e-01,1.020637199680999620e+05,1.339986334421889858e+01
1.963771914016038345e+00,-1.055237214299646897e-01,0.000000000000000000e+00,3.080000000000000515e-01,1.718481330940431206e+00,-7.668338508886065608e-01,9.845579585870813753e+04,4.561041183907627783e+01
-1.681047891343783185e-01,-4.055323159401336142e-02,0.000000000000000000e+00,3.080000000000000515e-01,-6.950431281057420918e-01,9.339136414426030264e-02,9.506982261880347505e+04,3.165893374478861588e+01
2.039356875203554686e+00,2.850165438370568793e-01,0.000000000000000000e+00,3.080000000000000515e-01,9.881526019156794405e-02,8.048260665722068996e-01,9.903480969026999082e+04,3.605273304489359276e+01
-1.175340130040527509e-01,3.920846889402344049e-01,0.000000000000000000e+00,3.080000000000000515e-01,2.227861963535974432e+00,-3.120846268846289018e-01,9.734754421724971326e+04,1.285761755545479268e+01
6.918618716811018032e-01,4.553346865039282765e-01,0.000000000000000000e+00,3.080000000000000515e-01,8.386594816106449635e-01,4.660002144452464190e-01,1.031886927052047104e+05,3.596940777874101514e+01
1.891886097338661088e+00,2.869033862552951009e-01,0.000000000000000000e+00,3.080000000000000515e-01,1.186308568129179619e+00,3.173227098795339263e-01,9.837330608845765528e+04,1.406075313896187895e+00
-5.024771795367866112e-02,-1.845931042519872722e-01,0.000000000000000000e+00,3.080000000000000515e-01,7.312640088378770109e-01,8.631098286189620161e-01,1.032752369395381684e+05,1.876606728865068874e+01
1.877541856979244583e-01,1.881347060865421472e-01,0.000000000000000000e+00,3.080000000000000515e-01,-8.244002294279795251e-01,6.419620345982817167e-01,9.500597938834795787e+04,3.133766742711656050e+01
1.666757705179199078e+00,-6.239687594460807674e-02,0.000000000000000000e+00,3.080000000000000515e-01,-3.370008807193762834e-01,1.332105178109259658e-01,9.807819150026119314e+04,7.304828277066011566e+00
1.660109609638222850e+00,-2.453293779539488240e-01,0.000000000000000000e+00,3.080000000000000515e-01,7.821665549675635987e-01,3.140609964682146149e-01,9.741165214307761926e+04,4.115017872234673746e+01
1.423442898655892019e+00,3.408715794259226106e-01,0.000000000000000000e+00,3.080000000000000515e-01,-1.632581383682887299e-01,7.967729331680697413e-01,9.733567361068610626e+04,1.175156494059593193e+01
1.581845333401299847e+00,-4.615736510376750035e-01,0.000000000000000000e+00,3.080000000000000515e-01,-8.000838853612850521e-01,-2.009624308261304115e-01,9.568186619765462819e+04,3.261405564092230946e+01
1.128173330042788525e+00,4.017619921354235180e-01,0.000000000000000000e+00,3.080000000000000515e-01,2.374598656207294933e+00,-3.464105882844452644e-01,9.687124270410501049e+04,2.025985712876648392e+01
2.553971767208582655e-01,-3.852253537526584282e-02,0.000000000000000000e+00,3.080000000000000515e-01,2.924770116656463248e+00,-9.783778327296073218e-01,1.005554956988562044e+05,2.980217977388235795e+01
5.370879805117583228e-01,1.372014768082804315e-01,0.000000000000000000e+00,3.080000000000000515e-01,2.172571495986957757e+00,6.531021483829284602e-01,9.791361072837744723e+04,5.372527631445406016e+00
4.479315040427700456e-02,1.593539222057827054e-01,0.000000000000000000e+00,3.080000000000000515e-01,2.415139686818668086e+00,6.019614008067297739e-01,9.917394782329148438e+04,8.456399960803662186e-01
2.225351684000885122e+00,3.951177407065363800e-01,0.000000000000000000e+00,3.080000000000000515e-01,-3.209147873181850130e-02,-7.910909637996972332e-01,9.876866880347188271e+04,4.547822136901505985e+01
1.250175384298361392e+00,1.366696821672073181e-01,0.000000000000000000e+00,3.080000000000000515e-01,2.842507902052799018e+00,1.537147622654004842e-01,1.037590492499989487e+05,1.348150043835913969e+01
7.025542502909196685e-01,1.139335847600617679e-01,0.000000000000000000e+00,3.080000000000000515e-01,-2.122971821862864594e-01,-7.203660366622521849e-02,1.040529899901051540e+05,4.098385013902295526e+01
8.860174109323981639e-01,-4.333479594393100376e-01,0.000000000000000000e+00,3.080000000000000515e-01,2.805719241447329093e+00,-7.625818089817770762e-01,9.992956971655860252e+04,4.996751502361001229e+01
2.341850018835446079e+00,1.840802194520407831e-02,0.000000000000000000e+00,3.080000000000000515e-01,2.979277175863804139e+00,9.611364541214471036e-01,9.830155950315605151e+04,1.057156289994555820e+01
-3.994579065175940524e-02,-3.498309991829583465e-01,0.000000000000000000e+00,3.080000000000000515e-01,1.846891222984194947e+00,-5.706082250732891215e-01,9.606800704002362909e+04,1.325853705916778047e+01
1.258689496050391821e+00,2.374337687214855830e-01,0.000000000000000000e+00,3.080000000000000515e-01,2.924574927167287619e+00,-8.655316398188777072e-01,1.045340287938209513e+05,3.314298938173328679e+01
1.017666036653397832e+00,1.222192081267448049e-02,0.000000000000000000e+00,3.080000000000000515e-01,1.278159118268414662e+00,1.896947590038191578e-01,9.560226944900296803e+04,4.827243173003105881e+01
1.334362706303943380e+00,1.802277792083533114e-01,0.000000000000000000e+00,3.080000000000000515e-01,3.816713270436133953e-02,4.777333542660653354e-01,9.797650277568280580e+04,4.579071740953719427e+01
-4.456694485374784742e-01,-4.583270993976157337e-01,0.000000000000000000e+00,3.080000000000000515e-01,7.479835426624834582e-01,-9.351131079056260731e-01,9.798066201170004206e+04,2.514377600327924611e+01
2.116371726832454669e+00,-4.152079839541967798e-01,0.000000000000000000e+00,3.080000000000000515e-01,1.374243741515143835e+00,3.174352774540443178e-01,9.820401286140215234e+04,3.975551412633623016e+01
2.296354847450837067e+00,2.163233880626822536e-01,0.000000000000000000e+00,3.080000000000000515e-01,-7.076737518919400394e-01,6.458375190290888135e-02,9.664286843272409169e+04,6.787292654995052743e+00
1.195399550767626717e+00,-4.279156640013266344e-01,0.000000000000000000e+00,3.080000000000000515e-01,1.489373058468984379e+00,-7.934699822499031718e-01,1.028316143092369748e+05,4.887190921020061296e+01
1.589952471630676989e+00,-4.287432722347414016e-01,0.000000000000000000e+00,3.080000000000000515e-01,2.924711347049178123e+00,-6.549522461072758706e-01,9.622497861965988704e+04,4.821766170179932232e+01
2.267498143531887056e+00,-4.878915247651125497e-01,0.000000000000000000e+00,3.080000000000000515e-01,-2.395694008650894880e-01,1.359485946321610239e-01,1.013490665915316204e+05,8.186447893958547439e+00
1.621715902940195964e+00,4.565013982994801101e-01,0.000000000000000000e+00,3.520000000000000351e-01,2.170380465153533223e+00,-4.072847729734232480e-01,9.623846026705818076e+04,1.497115624015533086e+01
-4.238287125721595938e-02,2.375083594590069458e-01,0.000000000000000000e+00,3.520000000000000351e-01,2.631595175118477403e+00,8.766314573026321444e-01,9.570535637592956482e+04,5.007749875338346257e+00
1.228865080500439522e+00,-1.467485914979358430e-01,0.000000000000000000e+00,3.520000000000000351e-01,2.774806371280883255e+00,6.374804589681015710e-01,1.040942950368587626e+05,1.358587994490898510e+01
1.320145139148567681e+00,-2.034644187123447745e-01,0.000000000000000000e+00,3.520000000000000351e-01,2.840542417621788829e+00,9.671344130273260564e-01,9.690128766318706039e+04,4.079778947076032836e+01
7.723920139071580593e-01,-1.502967702541504469e-01,0.000000000000000000e+00,3.520000000000000351e-01,1.085838554885887763e+00,-4.806583220991720307e-01,1.032125015455970424e+05,1.891578035826297466e+01
1.709332706874168384e+00,2.746535311811818536e-01,0.000000000000000000e+00,3.520000000000000351e-01,2.909231631966014753e+00,9.394472655959540397e-01,1.004463087110713532e+05,4.419848357337919253e+00
2.303101044307044543e+00,1.613706110704143937e-01,0.000000000000000000e+00,3.520000000000000351e-01,2.029240828537755448e+00,-1.375322604168842666e-01,9.577856519608770031e+04,1.711127623894522642e+01
2.276705538720328992e+00,-3.148044321325320638e-01,0.000000000000000000e+00,3.520000000000000351e-01,-3.533142550521524150e-01,-3.049624093724907503e-01,1.045544819143806817e+05,4.906916671206400338e+01
8.525181142123963163e-01,-3.258906646659156525e-01,0.000000000000000000e+00,3.520000000000000351e-01,9.076004258718799456e-01,-8.993009460612935158e-01,9.746961166991892969e+04,3.148417976296014587e+01
-1.602858624777342422e-01,-4.016043502866026849e-01,0.000000000000000000e+00,3.520000000000000351e-01,1.873324701488015886e+00,-8.944694842807947577e-01,1.035964534535260609e+05,2.080804732030788884e+01
2.454523596887003833e+00,1.603027197013381366e-01,0.000000000000000000e+00,3.520000000000000351e-01,-1.063873672366666412e-02,3.840225118933093817e-01,9.668810005784564419e+04,8.326925674863499438e+00
2.016694259337802109e+00,2.643726622217359434e-01,0.000000000000000000e+00,3.520000000000000351e-01,1.562460734195549428e+00,-8.414201113194419435e-02,1.035394288214185217e+05,4.930883986418474052e+01
-1.260119563901994644e-01,-2.349535716749959757e-01,0.000000000000000000e+00,3.520000000000000351e-01,1.666401916186476928e+00,-5.469567479277885891e-01,9.513228812905293307e+04,4.104245046315643464e+01
2.262525647852116961e+00,-4.790550389690871880e-01,0.000000000000000000e+00,3.520000000000000351e-01,-3.492010247657364452e-01,2.279406126504652796e-01,1.001178045656948088e+05,1.407386512254596944e+01
2.109689086186384621e+00,-4.178283325235726542e-01,0.000000000000000000e+00,3.520000000000000351e-01,1.260341249811025133e+00,-4.942837634997776508e-01,1.026944257942155673e+05,3.503434786059473005e+00
1.056514171378216460e+00,4.678600348450304702e-01,0.000000000000000000e+00,3.520000000000000351e-01,2.086507643914430776e+00,1.552635086888451976e-01,1.043479551749278326e+05,2.831277868877901671e+00
1.273826307234787736e+00,-2.045552225225797383e-01,0.000000000000000000e+00,3.520000000000000351e-01,9.955826581437676737e-01,-2.815825060346193176e-01,1.040920213620648719e+05,6.018907475276691343e+00
6.970081116103907792e-01,2.692231478381336141e-01,0.000000000000000000e+00,3.520000000000000351e-01,-9.515875328955702983e-01,6.471044532236380764e-01,1.031962486954764463e+05,2.903842918072108148e+01
-3.357150835339060002e-01,1.246635688542637732e-01,0.000000000000000000e+00,3.520000000000000351e-01,-9.638461236828312906e-01,6.413923215335586292e-01,1.038819134966130368e+05,4.643817106027461961e+01
5.055917249377026579e-01,-1.180603603471040985e-01,0.000000000000000000e+00,3.520000000000000351e-01,4.281173758800487228e-01,-4.529920375519735920e-02,9.699219685837076395e+04,2.483717140029922277e+01
1.908560345794034330e+00,-2.943127378044448905e-01,0.000000000000000000e+00,3.520000000000000351e-01,2.704776273727127922e+00,-2.983617813299688226e-01,9.784184295711728919e+04,4.214727412280986130e+01
-4.861039309861914237e-01,-3.786135818405935716e-01,0.000000000000000000e+00,3.520000000000000351e-01,-8.529288158556491695e-02,-2.748804068818109236e-01,9.788968524921058270e+04,2.229433099299039256e+01
5.004975150734325418e-01,1.150129680388666253e-01,0.000000000000000000e+00,3.520000000000000351e-01,1.537454755486748592e+00,6.114290513364357693e-01,9.877053931001698948e+04,3.542917728839125857e+01
6.945060807728298258e-01,2.746337806377879831e-01,0.000000000000000000e+00,3.520000000000000351e-01,-1.116965172267176953e-01,-3.436410344047760024e-01,9.893320670385188714e+04,3.659363686432504181e+01
1.112186808813768746e+00,1.439042535411306778e-01,0.000000000000000000e+00,3.520000000000000351e-01,2.866799586381945097e-01,-5.818812525863079621e-01,1.004455532465467550e+05,8.698185295166933173e+00
2.259566849238281439e+00,3.030213324915831397e-02,0.000000000000000000e+00,3.520000000000000351e-01,2.392168358405935891e+00,-8.306233162493863453e-01,9.659879763366442057e+04,1.806080294879058812e+01
5.390379830978837550e-01,-4.580487765683637358e-01,0.000000000000000000e+00,3.520000000000000351e-01,1.915445769079787475e+00,-6.661375823118320660e-02,1.019124666378598922e+05,3.186510782690119470e+01
5.408596056886829651e-01,4.684887775943837873e-01,0.000000000000000000e+00,3.520000000000000351e-01,-6.184028907471574854e-01,-3.573580216031624346e-02,9.667566539304507023e+04,3.534830409218309377e+00
1.712503744329245237e+00,2.987141916545745790e-01,0.000000000000000000e+00,3.520000000000000351e-01,7.148080839457344737e-01,6.818174208058143115e-01,9.810308482104547147e+04,1.807700938814782887e+01
8.566538226694215830e-01,-2.071779632990352615e-01,0.000000000000000000e+00,3.520000000000000351e-01,-8.833209454189421272e-01,-5.575226071078720480e-01,1.000334513060615427e+05,2.673997331405962186e+01
1.738144688199458887e-01,4.799703293588506448e-01,0.000000000000000000e+00,3.520000000000000351e-01,9.235605864120359776e-01,-2.380174526632001797e-01,1.029644056152347766e+05,4.981122465223193529e+01
8.573185483980800825e-01,1.018815896363221007e-01,0.000000000000000000e+00,3.520000000000000351e-01,1.649736046804272327e+00,6.168114777873818788e-01,1.023946923323872761e+05,2.372667813112203561e+01
-7.742893886060042696e-02,8.242265820724647973e-02,0.000000000000000000e+00,3.520000000000000351e-01,-5.259895056073937702e-01,6.472472214979470007e-01,1.014553435641052201e+05,4.080283785571617727e+01
2.916095951866992664e-02,2.480731794295321091e-01,0.000000000000000000e+00,3.520000000000000351e-01,1.555397556366626688e-01,-2.307778480424635958e-01,9.655773260580170609e+04,2.160336425333088783e+01
9.951033182184392256e-01,3.117697880901375562e-01,0.000000000000000000e+00,3.520000000000000351e-01,5.913465020086277057e-01,-8.175195342663821307e-02,1.004704534561557812e+05,3.981953613098544764e+01
7.567763485136436152e-01,1.564786073315026504e-01,0.000000000000000000e+00,3.520000000000000351e-01,2.678124098624198979e+00,-3.934282183014341516e-01,9.587446501799885300e+04,2.977074008100542102e+01
2.244537703204300350e+00,-3.719042536337999749e-01,0.000000000000000000e+00,3.520000000000000351e-01,2.973020061691856064e+00,8.651097568386241221e-01,9.877363176796650805e+04,4.432977207511991935e+01
5.871816973498993342e-01,-1.617324940055016036e-01,0.000000000000000000e+00,3.520000000000000351e-01,-8.203548040175365763e-01,-7.627124685168393814e-01,9.913516530289959337e+04,2.054712761750549532e+01
1.241765050834130246e+00,4.280836403260497303e-01,0.000000000000000000e+00,3.520000000000000351e-01,2.044031693981568143e+00,8.674988460029400272e-01,9.539811439445754513e+04,3.021522099107394155e+01
1.396792863758591130e+00,-2.753843881561480744e-01,0.000000000000000000e+00,3.520000000000000351e-01,4.868962656093729358e-01,3.677329036706864507e-01,9.773988099469972076e+04,3.150093403094136946e+01
-4.607166302349990916e-01,-1.278329761624866778e-01,0.000000000000000000e+00,3.520000000000000351e-01,5.698327449179201309e-01,6.314430537346238381e-02,1.045564946726648923e+05,2.086914709002366664e+01
1.490612116050131775e+00,-6.792311705580400538e-02,0.000000000000000000e+00,3.520000000000000351e-01,2.017059893388090774e+00,-9.346818784310082506e-01,1.045363260782969010e+05,7.215602184374075634e+00
3.410790060925428246e-02,-6.059501030554781398e-02,0.000000000000000000e+00,3.520000000000000351e-01,2.673705728581634578e+00,-4.880761635598340753e-02,9.852327054252539529e+04,4.677970345616778047e+00
2.383210952408365557e+00,1.129395824945255145e-01,0.000000000000000000e+00,3.520000000000000351e-01,2.803714378010193631e+00,-1.845037899945354276e-01,9.543100108948323759e+04,8.335775299816550188e-01
-5.401181674066113381e-02,4.430758377447076013e-01,0.000000000000000000e+00,3.520000000000000351e-01,1.308490344153283136e+00,-6.775623760497548886e-01,9.679094939328181499e+04,4.367671321226072934e+01
7.438723711810713013e-01,-2.593072881674950425e-01,0.000000000000000000e+00,3.520000000000000351e-01,4.284846372020112426e-01,3.128192070013138260e-01,9.892217793433539919e+04,1.182374561193472751e+01
-2.439509957640684235e-01,-3.784986236990819375e-01,0.000000000000000000e+00,3.520000000000000351e-01,2.150196343435117008e+00,9.423018147365715969e-01,1.044777969796922989e+05,1.057533746408840258e+01
2.490622755537842181e+00,-3.025295101400626852e-01,0.000000000000000000e+00,3.520000000000000351e-01,4.005533049201037699e-03,1.243776221290502360e-01,9.641199063537185430e+04,3.680177002130327679e+01
1.006585030993727869e+00,3.869249002092695067e-01,0.000000000000000000e+00,3.520000000000000351e-01,1.256296115334071040e+00,4.295065528878916350e-01,1.026351584366821189e+05,1.600080565436958580e+01
1.286155051960131246e+00,1.458108126552060124e-01,0.000000000000000000e+00,3.520000000000000351e-01,4.343138460994926398e-01,-8.630990948679664321e-01,9.608682539374692715e+04,2.530223462059182893e+01
-2.987705678347175597e-01,-2.140932107608398693e-01,0.000000000000000000e+00,3.520000000000000351e-01,1.626524294831504402e+00,-1.646660083660105300e-01,1.048125757739127730e+05,8.125553264872815262e+00
1.749881411197533154e+00,3.159469389686172525e-01,0.000000000000000000e+00,3.520000000000000351e-01,-3.840434842597240106e-02,-7.672830296710082543e-01,9.881616499109135475e+04,4.798728607309845984e+01
1.297167792867572889e-01,3.613699963634360302e-01,0.000000000000000000e+00,3.520000000000000351e-01,-2.336282170606969188e-01,2.255916710730208052e-01,1.027523453889905650e+05,4.257907000086186855e+01
2.194162868322141247e+00,3.465143386902780342e-01,0.000000000000000000e+00,3.520000000000000351e-01,2.672956346701748309e+00,8.769643164283091874e-01,9.842591082811131491e+04,4.318948114825016660e+01
1.154189214460215052e-01,4.189265336395544548e-01,0.000000000000000000e+00,3.520000000000000351e-01,-5.927852682018524000e-01,3.235554649432770269e-01,1.012766887715880875e+05,2.033868742860025947e+01
7.206316199099971342e-02,-2.477589798266384147e-01,0.000000000000000000e+00,3.520000000000000351e-01,1.023831630939726622e+00,-8.463939033711569415e-01,9.692016084740037331e+04,3.811806068535864256e+01
-3.903509964557153600e-01,2.550419287462782902e-01,0.000000000000000000e+00,3.520000000000000351e-01,-1.165888681479643196e-01,-2.906675900298343329e-01,9.646021019296962186e+04,7.193807769489008130e+00
9.162008353299977426e-01,-3.946050272585999164e-02,0.000000000000000000e+00,3.520000000000000351e-01,-8.442801466973302027e-01,1.013267588817030607e-01,1.043806413956813049e+05,4.309501295890139083e-01
1.194523399787849272e+00,3.419985528900615357e-01,0.000000000000000000e+00,3.520000000000000351e-01,-8.559247268342944359e-01,-1.935844877334955694e-01,1.041764727790443285e+05,9.986466289014062081e-01
-3.028740817149428999e-01,2.284906771616131982e-01,0.000000000000000000e+00,3.520000000000000351e-01,-2.991129115766906210e-01,6.672880209503446736e-01,1.038746894021288317e+05,2.933008687022802263e+01
1.826582850085031851e+00,2.764474464997246361e-01,0.000000000000000000e+00,3.520000000000000351e-01,2.467081418024001049e+00,6.293420094199784209e-01,1.012543345016659296e+05,2.276974526239704133e+01
8.598665042440827300e-01,1.561618376810715025e-01,0.000000000000000000e+00,3.520000000000000351e-01,1.299149759081066335e-01,2.236620402064428692e-01,1.030826821121627872e+05,2.590076744542598775e+01
1.073170807982740005e+00,-3.225712305302931293e-01,0.000000000000000000e+00,3.520000000000000351e-01,2.801836682301182879e+00,-2.530841097345895019e-01,9.569036936911374505e+04,3.731570208609702455e-01
8.222882408146845457e-01,4.502691889693832827e-02,0.000000000000000000e+00,3.520000000000000351e-01,1.326489171956774182e+00,-4.893272524735117202e-01,9.834789041890679800e+04,2.113433098287128686e+01
7.022891826259778369e-01,4.846697395245082030e-01,0.000000000000000000e+00,3.520000000000000351e-01,7.464567590750643689e-01,-7.882513635737413704e-01,9.813703124757156183e+04,3.590340806004304142e+01
1.178920993924653660e+00,4.373880664971189214e-01,0.000000000000000000e+00,3.520000000000000351e-01,1.320355338677818402e+00,-2.902046330268919228e-01,1.013564532195261272e+05,2.213468509837179354e+01
-3.427926220786248201e-02,-4.568262642029883303e-01,0.000000000000000000e+00,3.520000000000000351e-01,1.066793540905071058e+00,-1.736549655845609497e-01,9.855957773470639950e+04,3.661096031561111630e+01
4.578439148581336937e-02,-3.351851842705628748e-01,0.000000000000000000e+00,3.520000000000000351e-01,2.035105015029300635e+00,3.516458502081472037e-01,9.648506781643681461e+04,1.165094821984173912e+01
2.085356863040551900e+00,-3.682712265454380907e-01,0.000000000000000000e+00,3.520000000000000351e-01,1.299842638914090465e-01,3.163196485951469406e-01,1.009646707541354408e+05,4.065710022408627111e+01
2.338346386400898425e+00,2.259799099852954907e-01,0.000000000000000000e+00,3.520000000000000351e-01,4.122015664012095293e-01,-8.597837207174860996e-01,1.031438392066908127e+05,2.942156202267261378e+01
6.199279488392588355e-01,3.177853298569450757e-01,0.000000000000000000e+00,3.520000000000000351e-01,2.576377210133002915e+00,-2.094813691376844478e-01,9.882123494459973881e+04,1.053815497149531133e+01
3.122340194306613137e-01,-2.864886336893280872e-01,0.000000000000000000e+00,3.520000000000000351e-01,2.785826052601621861e+00,-6.364422655652761662e-01,9.632268715098481334e+04,1.183602379269164651e+01
1.431998629717047278e+00,5.852692951828997181e-03,0.000000000000000000e+00,3.520000000000000351e-01,2.570232909945898037e+00,-6.863745893663886211e-01,9.696688197312822740e+04,3.140152322847685085e+01
7.262025132942890870e-01,3.407030280112000042e-01,0.000000000000000000e+00,3.520000000000000351e-01,6.777919758292543229e-01,6.546042994744918353e-01,9.737483305169384403e+04,4.149697966062216636e+01
-4.238409330189654156e-01,2.328015447662505899e-01,0.000000000000000000e+00,3.520000000000000351e-01,2.121462012027526711e+00,-9.161695665674849387e-01,9.799897592994535808e+04,2.078138910145775853e+01
-3.154220790142892028e-02,4.223720549184828421e-02,0.000000000000000000e+00,3.520000000000000351e-01,9.053429332043951838e-01,-1.616342481957573352e-01,1.014279507050630928e+05,1.291502145637961085e+01
1.647916686542192366e+00,9.034769045877288907e-02,0.000000000000000000e+00,3.520000000000000351e-01,9.901594085844087623e-01,-6.635926884669636205e-01,1.010094548453771858e+05,4.335058034553001960e+01
1.476771825730454069e+00,8.360546916279965046e-03,0.000000000000000000e+00,3.520000000000000351e-01,-1.812795637708641827e-01,7.586604313569480507e-01,1.019607986156703846e+05,3.346341458754174880e+01
-4.187120224895495291e-01,-2.024515486811794274e-01,0.000000000000000000e+00,3.520000000000000351e-01,1.364521213034065816e+00,1.140810265500702414e-01,9.862501984531513881e+04,2.240427436415382445e+01
1.659164857988483233e-01,6.502199285901610892e-02,0.000000000000000000e+00,3.520000000000000351e-01,-2.554564089866082632e-01,-5.372387272463039487e-01,1.032399765187997837e+05,2.439500976396509202e+01
1.932243897642141883e-01,1.888853020500906865e-01,0.000000000000000000e+00,3.520000000000000351e-01,3.262587962687750753e-01,4.854574332752825683e-03,9.704087661155759997e+04,1.021282339681981988e+01
1.515678230796185133e+00,3.733229158608076803e-01,0.000000000000000000e+00,3.520000000000000351e-01,2.420120806479740594e+00,4.629727194062316364e-01,9.969040747518153512e+04,3.134013150324219765e+01
-4.408683867369075360e-01,1.362913539792480755e-01,0.000000000000000000e+00,3.520000000000000351e-01,-1.716967631565791130e-01,9.162360178388675447e-01,1.030093872154143028e+05,1.793712552714443120e+01
-1.876742540462784659e-01,2.611215370431579919e-01,0.000000000000000000e+00,3.520000000000000351e-01,-7.153668593062687542e-01,-5.591079915091621277e-01,9.680158647732618556e+04,4.978225883371746363e+01
1.899748256119567991e+00,-3.399283650454270056e-01,0.000000000000000000e+00,3.520000000000000351e-01,-7.239696295487347832e-01,7.723635442586902489e-01,9.609863113740783592e+04,2.400917576309439383e+01
3.563398616300084143e-02,-3.844252558021010735e-02,0.000000000000000000e+00,3.520000000000000351e-01,2.763138082012431607e+00,8.686082283349805255e-01,1.038368396768798993e+05,2.429428030948065853e+01
1.458238323555624216e+00,-4.906683801729067040e-01,0.000000000000000000e+00,3.520000000000000351e-01,1.027681751847338454e+00,8.328410890641324560e-01,9.842929662759196071e+04,2.829258937053359446e+01
2.145483431401795649e-01,-2.533211354783769798e-01,0.000000000000000000e+00,3.520000000000000351e-01,6.376482872680733216e-01,2.708287137238196696e-01,1.018387012490903144e+05,4.583780015593733737e+01
-2.016758217219645211e-01,2.264617151130048356e-01,0.000000000000000000e+00,3.520000000000000351e-01,2.243514324031673723e+00,2.596413088694153881e-01,9.525348604263938614e+04,4.004090499298751382e+01
2.295165729983622560e-01,4.918099513493634500e-01,0.000000000000000000e+00,3.520000000000000351e-01,2.343303711642064080e+00,-1.935787336323544494e-01,1.019004688840945018e+05,2.255650348989207288e+01
1.666800795566977467e+00,-4.008219004127840934e-01,0.000000000000000000e+00,3.520000000000000351e-01,3.287641324624184236e-01,5.047957646075758031e-01,9.816101311546970101e+04,3.593496329863980066e+01
2.067089404318857238e+00,-9.850568413871174656e-02,0.000000000000000000e+00,3.520000000000000351e-01,1.774472229895180941e+00,6.258803670186385837e-02,9.555740853587441961e+04,2.931177493903808084e+01
1.990659593700974561e+00,3.000709686991595015e-01,0.000000000000000000e+00,3.520000000000000351e-01,2.084491263407546313e+00,3.548761424565889389e-01,1.010981276154811640e+05,2.461835243506244453e+01
6.915505888553643565e-01,-2.959643653711011568e-01,0.000000000000000000e+00,3.520000000000000351e-01,1.618602747463818048e+00,-1.430841923024090967e-01,9.740803816073173948e+04,9.615788639217527134e+00
1.504255409711938718e+00,5.508494930228624575e-02,0.000000000000000000e+00,3.520000000000000351e-01,-3.936197007996025121e-01,4.629929280862781216e-01,9.886807242051880166e+04,2.319681317274454457e+01
1.149528862474629154e-01,2.330712960296748015e-01,0.000000000000000000e+00,3.520000000000000351e-01,2.503532334068228060e+00,6.489430352090981291e-01,9.580580812286514265e+04,1.229092935112873164e+01
3.794431907830397854e-01,1.159854502601790349e-01,0.000000000000000000e+00,3.520000000000000351e-01,1.156378210944034812e+00,-7.071274867943677656e-01,9.647163251094945008e+04,4.574210749258273268e+01
2.189007455563359184e+00,-3.119752653845838664e-01,0.000000000000000000e+00,3.520000000000000351e-01,1.298897054800147721e-01,6.658594311484560269e-01,9.797977235495843343e+04,1.677034067481734780e+01
-4.609942294677918939e-01,-1.446154313142605785e-01,0.000000000000000000e+00,3.520000000000000351e-01,7.009127417507756697e-01,8.059306358061446574e-02,9.589759500560157176e+04,4.761320072666861591e+01
-2.434744074365957633e-01,2.837917844853972138e-01,0.000000000000000000e+00,3.520000000000000351e-01,-8.497156384043704769e-01,6.893318181804486411e-01,1.041082626468631497e+05,2.665276450473556125e+01
1.236587654380819634e-01,5.422651413201662329e-02,0.000000000000000000e+00,3.960000000000000187e-01,-4.885327951103297650e-01,-1.373965873179707753e-01,9.506047043183978531e+04,3.157721893380801603e+01
-4.204033883785408543e-01,-4.947703864570872634e-01,0.000000000000000000e+00,3.960000000000000187e-01,2.062187002063443408e+00,-2.419190292339299386e-01,9.983860218864311173e+04,2.714702222446639013e+01
4.430630526939194347e-02,2.609907600280938489e-01,0.000000000000000000e+00,3.960000000000000187e-01,-9.999534609785354355e-01,8.301214650344448387e-01,9.623247458132551401e+04,6.469030848335044936e+00
1.249124682909076522e+00,-4.646886450597609297e-01,0.000000000000000000e+00,3.960000000000000187e-01,6.662633139291687101e-01,-4.976614649031974036e-01,9.807679089477947855e+04,1.879106095039704982e+01
7.642736517774939564e-01,2.457337827312321421e-01,0.000000000000000000e+00,3.960000000000000187e-01,1.090040724342353773e+00,6.884246505722861897e-01,1.042605955981826555e+05,4.957305613881196393e+00
2.178015133230924327e+00,-2.975194398347625890e-01,0.000000000000000000e+00,3.960000000000000187e-01,-7.814623199961108213e-01,-3.195885498119177548e-02,9.661694553273987549e+04,3.114770220916908627e+01
1.952330685215322603e+00,4.580734801193802053e-01,0.000000000000000000e+00,3.960000000000000187e-01,2.892312651889331399e+00,2.819088510251943624e-02,1.046583231971833302e+05,2.234370976002194453e+01
5.254520550936279122e-01,-1.320592486979155211e-01,0.000000000000000000e+00,3.960000000000000187e-01,-9.549867500131226095e-02,-3.830634370210319606e-01,9.705794376989422017e+04,3.889924857854683893e+01
2.782703002938774484e-01,-1.730683836619208993e-01,0.000000000000000000e+00,3.960000000000000187e-01,2.167948785451234706e-01,1.460844012380313472e-01,1.024156610846683034e+05,1.102352404996849167e+01
6.390772245018006004e-01,-3.511119496675553231e-01,0.000000000000000000e+00,3.960000000000000187e-01,2.157700490201093224e-01,-3.495776074475773765e-01,1.004667726489731140e+05,8.228302921466745801e+00
1.270884827544423334e+00,-1.943957845097851189e-01,0.000000000000000000e+00,3.960000000000000187e-01,-7.833335153060039246e-02,-9.214611715166953765e-01,1.038447872759675956e+05,2.031661154818839066e+01
3.041909224686287772e-01,3.766507618282005643e-01,0.000000000000000000e+00,3.960000000000000187e-01,-9.941047116547543361e-01,-4.560027893112879038e-01,1.005399325550313079e+05,4.632926916091905412e+01
1.372446723547402048e+00,4.963343376272473240e-01,0.000000000000000000e+00,3.960000000000000187e-01,1.917379176351985404e+00,-9.872419131868186426e-01,1.003455921915630897e+05,3.552109075062058707e+01
7.282349565737211705e-01,-1.316904694931516628e-01,0.000000000000000000e+00,3.960000000000000187e-01,2.867381999197141429e+00,9.567095741137132681e-01,9.695458000368399371e+04,2.094618123964593437e+01
1.156141542555940704e+00,-5.138936904545743367e-02,0.000000000000000000e+00,3.960000000000000187e-01,-1.028260668598197647e-01,9.314944196394949749e-01,9.666229362051658973e+04,2.586360848771552767e+01
8.083795874059500619e-01,2.220709382027370449e-01,0.000000000000000000e+00,3.960000000000000187e-01,1.652188767213689680e+00,-2.096894050553899103e-01,1.041648915111551469e+05,4.210650558854917236e+00
3.833972786257530130e-01,3.861957804650745230e-01,0.000000000000000000e+00,3.960000000000000187e-01,1.967585307834860409e+00,4.567417086792919800e-01,9.827838198850034678e+04,4.922879481880565322e+01
2.345359920886469940e+00,9.304433418678415002e-02,0.000000000000000000e+00,3.960000000000000187e-01,2.393701516362098936e+00,-3.083878031791500440e-01,9.872082254962895240e+04,3.332036523474594958e+01
1.790817382479282571e+00,-1.084743018221706601e-01,0.000000000000000000e+00,3.960000000000000187e-01,6.905167880544365033e-01,3.421863141719521106e-01,1.025982365842838772e+05,1.427020342317112345e+01
-7.966047270064235963e-02,-8.737815915137625566e-02,0.000000000000000000e+00,3.960000000000000187e-01,2.117236225617169509e-01,6.108600860919581876e-01,9.838823482422807137e+04,2.929041971076221529e+01
2.105403927693738630e+00,1.956181464968068662e-01,0.000000000000000000e+00,3.960000000000000187e-01,3.011805360921244734e-01,8.935124893844814675e-01,1.045206244663900288e+05,5.474118303449698963e+00
9.622935947485409258e-01,-4.967817363957213184e-01,0.000000000000000000e+00,3.960000000000000187e-01,1.850485332394051330e+00,-1.995754483006559887e-01,1.023792776899879973e+05,4.829183344037917891e+01
2.183656680682274143e+00,1.195893374598406833e-01,0.000000000000000000e+00,3.960000000000000187e-01,2.267117866022544170e+00,5.665959659120953784e-01,1.009742924257341947e+05,8.739249394168297158e+00
1.899565767841945529e+00,-1.445069895586426068e-01,0.000000000000000000e+00,3.960000000000000187e-01,-2.735441289735893733e-01,-4.681430987357624307e-01,1.038089516054475243e+05,3.240151590276070692e+01
7.756405134077004604e-01,2.941973312770842508e-01,0.000000000000000000e+00,3.960000000000000187e-01,4.837640326310608252e-01,9.806646075872966772e-01,9.549605908349482343e+04,1.227272312694652179e+01
-4.325920750396478054e-01,-4.070093601768678404e-01,0.000000000000000000e+00,3.960000000000000187e-01,2.607760786996600189e+00,-9.484608024712977148e-01,9.757062692189209338e+04,3.587806913242678775e+01
3.060320781548382385e-01,8.820226694839050641e-02,0.000000000000000000e+00,3.960000000000000187e-01,2.226774078778956945e+00,2.070576130022419026e-01,9.965036334220909339e+04,3.884106836201405599e+01
1.124902643982600647e+00,-1.902711011387625550e-02,0.000000000000000000e+00,3.960000000000000187e-01,2.939433611049903305e+00,3.190119633026542445e-01,9.726978539471520344e+04,3.367098644557163567e+01
1.400434659478441812e+00,1.423255259052274013e-01,0.000000000000000000e+00,3.960000000000000187e-01,2.016993038728323029e+00,3.760911141482576880e-01,1.024390518730215263e+05,3.072497301275962656e+01
2.736630562996068550e-01,-4.351464055170316536e-01,0.000000000000000000e+00,3.960000000000000187e-01,5.727808041116890791e-01,-7.592248424218219771e-01,1.041920803105372470e+05,4.462345469760058592e+01
-8.193177778152760382e-02,7.998378742813128106e-02,0.000000000000000000e+00,3.960000000000000187e-01,1.362551335978551048e+00,8.770595669462608601e-01,9.923770119930923101e+04,3.931335549487902092e+00
2.004790710397897247e+00,6.148458795952371769e-02,0.000000000000000000e+00,3.960000000000000187e-01,1.644057016989281195e+00,-6.376334418998343967e-01,9.842132600111895590e+04,1.654573828900975840e+01
2.453206542110656585e+00,6.066009441617092879e-02,0.000000000000000000e+00,3.960000000000000187e-01,-6.861767347315042009e-01,2.455068064796821492e-01,1.046155073213756550e+05,1.241437398154229754e+01
1.077070546908057480e+00,1.034876665964548081e-01,0.000000000000000000e+00,3.960000000000000187e-01,1.177987836415460343e+00,-5.546478417538300842e-01,9.944852432827540906e+04,4.940069810327108257e+01
1.503785754491049342e-02,1.764679372263622259e-01,0.000000000000000000e+00,3.960000000000000187e-01,1.837283313890438308e+00,-3.855671659574582133e-01,9.989048400449282781e+04,1.946948898334367328e+01
3.169219795581068588e-01,3.049889996807697568e-01,0.000000000000000000e+00,3.960000000000000187e-01,-3.307147839957584878e-01,9.291708345624871690e-02,9.851649872341904847e+04,3.663063496201993985e+01
-4.448279703575998001e-01,-2.301792798717856581e-01,0.000000000000000000e+00,3.960000000000000187e-01,2.122526869702228591e+00,-1.656131628708470416e-01,1.040954847301213886e+05,3.423625819405022952e+01
2.242896419681497111e+00,3.250494101800620594e-01,0.000000000000000000e+00,3.960000000000000187e-01,1.335091122056446533e+00,-6.795487980469874234e-01,1.006895548328185105e+05,1.060406187386888632e+01
-1.467467513295765968e-01,-1.744317736546374675e-03,0.000000000000000000e+00,3.960000000000000187e-01,2.808887142790378544e+00,-6.581271951583034241e-01,1.026217458718164416e+05,1.194988401057756633e+01
1.229549426542760671e+00,-4.229417208656688354e-01,0.000000000000000000e+00,3.960000000000000187e-01,-8.303108071724332184e-01,-1.637104236744006958e-01,1.031180671835088579e+05,1.406422817765170485e+01
3.221656620616180078e-01,-4.414490707560208005e-01,0.000000000000000000e+00,3.960000000000000187e-01,6.130455022186787062e-02,5.145659565510014577e-01,9.841849041917258000e+04,2.055636391296896193e+01
1.162534007547380233e+00,-1.657616813039392012e-01,0.000000000000000000e+00,3.960000000000000187e-01,1.406215517199296272e+00,7.959292936955770781e-01,9.933694331320379570e+04,1.171625328252634013e+01
1.454261165055592553e+00,2.848969771114675531e-01,0.000000000000000000e+00,3.960000000000000187e-01,1.862396488237227921e-01,-8.317446754812343190e-01,1.034847177440626401e+05,9.825741373423901859e-01
1.989225411121605003e+00,2.076809347409157569e-01,0.000000000000000000e+00,3.960000000000000187e-01,1.857696656284968828e+00,-2.137921848811978887e-01,9.863255351675809652e+04,4.396965284035977106e+01
1.192638152818096264e-01,2.886149646724064377e-01,0.000000000000000000e+00,3.960000000000000187e-01,2.036021130087724007e+00,-7.995088725542467412e-01,1.029393513345185202e+05,4.828049156904420158e+01
-4.670125140245585671e-01,1.726905644160936504e-02,0.000000000000000000e+00,3.960000000000000187e-01,-5.899361437341021919e-01,-9.668150387348042329e-01,1.044099232257443655e+05,1.707851935157839662e+01
-8.934310979357817928e-02,-5.980100204450944368e-02,0.000000000000000000e+00,3.960000000000000187e-01,1.055417856827070899e+00,3.234373652879132255e-01,1.012321037306800717e+05,1.692534397127364443e+01
2.200055925544315283e+00,-3.525474732937160516e-01,0.000000000000000000e+00,3.960000000000000187e-01,1.035562222364223572e+00,2.048988839331755685e-01,1.024162728745188942e+05,3.545906387185493447e-01
2.121670232687545621e+00,-1.718072463906884506e-01,0.000000000000000000e+00,3.960000000000000187e-01,4.771230808621642616e-01,-6.739617723702275853e-01,1.030509731204113486e+05,3.401253441651870446e+01
1.292239306510925001e+00,-6.598063382612473493e-02,0.000000000000000000e+00,3.960000000000000187e-01,2.731699450278688435e+00,-5.323743338138717807e-01,1.034503964889664203e+05,4.127199478743143857e+01
1.301550581300960019e+00,-4.113995703203827681e-01,0.000000000000000000e+00,3.960000000000000187e-01,2.310025279492884831e+00,-9.525844927109632376e-01,9.895053337856795406e+04,7.330415018000158156e+00
1.495110023638766439e+00,-2.793880472887887434e-01,0.000000000000000000e+00,3.960000000000000187e-01,1.788837527638547087e+00,6.698944113888074536e-01,9.551263459175998287e+04,7.983317468357537194e+00
2.611383587034876719e-02,9.822529406373881056e-02,0.000000000000000000e+00,3.960000000000000187e-01,1.857306542939990202e+00,9.493811920971029217e-01,9.901876271236738830e+04,3.950416249857188689e+01
2.243235837774879116e+00,2.356631142391898415e-01,0.000000000000000000e+00,3.960000000000000187e-01,8.468645752524763815e-01,-7.290809264106183907e-01,1.017375622978408937e+05,3.081453741770723198e+01
7.563115746762192337e-01,4.983475113929496381e-01,0.000000000000000000e+00,3.960000000000000187e-01,2.683978084386303475e+00,-5.370495724694037687e-01,9.950350385780792567e+04,2.243027881385850630e+00
6.494155847484923694e-01,4.331133313435576726e-01,0.000000000000000000e+00,3.960000000000000187e-01,1.778381709013141521e+00,7.368190478938680954e-01,1.024896315086039831e+05,3.112734952311408421e+01
1.056753115848512614e+00,1.425651995351915335e-01,0.000000000000000000e+00,3.960000000000000187e-01,1.915924246623265770e+00,8.529275959123696627e-01,9.856982429468663759e+04,1.544588614218830358e+01
-3.591020996748348626e-01,-7.875194670592799984e-02,0.000000000000000000e+00,3.960000000000000187e-01,2.446763615149381010e+00,-1.607452343863793320e-01,1.013474414110403013e+05,1.843625777354229811e+01
-1.149893731761775229e-03,1.361773647082327177e-01,0.000000000000000000e+00,3.960000000000000187e-01,9.628635736876400841e-02,-8.987550554618517484e-01,9.686419804853975074e+04,3.848657091484400894e+01
1.714100849279111216e+00,2.856516180802319838e-01,0.000000000000000000e+00,3.960000000000000187e-01,2.228283615466811973e+00,-9.212163326143611997e-01,1.024936943664495629e+05,4.054675963363052915e+01
-2.516039962246205963e-01,-3.816638090766126812e-01,0.000000000000000000e+00,3.960000000000000187e-01,-2.190375881740318498e-01,1.478997321380208785e-01,1.004569596881302568e+05,2.001783134199153125e+01
1.309456328399164704e+00,-9.009511030371175622e-02,0.000000000000000000e+00,3.960000000000000187e-01,3.813678089795513593e-01,-2.142097822136419527e-01,9.704064388546600821e+04,4.735764680031773821e+01
2.360473290439628613e-01,3.398022856356172072e-01,0.000000000000000000e+00,3.960000000000000187e-01,3.424418170793708249e-01,-9.426951448446909687e-01,9.791911173497806885e+04,2.032313589760360983e+01
6.678868421259296362e-01,-1.161670480669559913e-01,0.000000000000000000e+00,3.960000000000000187e-01,2.914101873556562250e+00,1.665047846251135333e-01,1.024860870858183189e+05,3.859180176150549357e+01
3.660812103120996142e-01,7.187227122718653494e-02,0.000000000000000000e+00,3.960000000000000187e-01,2.426148894991707383e+00,-9.773949268219550568e-01,9.982601235661520332e+04,2.419386322821295465e+01
5.670181493948474039e-01,8.776936086219822020e-02,0.000000000000000000e+00,3.960000000000000187e-01,1.804679446361038941e+00,5.747439162985459316e-01,9.716031440393072262e+04,4.487661632610419815e+01
1.657137715552736701e+00,-3.155237468663606437e-01,0.000000000000000000e+00,3.960000000000000187e-01,1.908227046461560494e+00,-3.871343545932568464e-01,1.046727119037029770e+05,4.538806218250893210e+01
3.913651468695250601e-01,-1.377645583477116187e-01,0.000000000000000000e+00,3.960000000000000187e-01,1.248291177610284297e+00,-9.194839939815357965e-01,1.021512501981688838e+05,4.370840393554193071e+00
1.199213920890691565e+00,-1.654887112580678554e-01,0.000000000000000000e+00,3.960000000000000187e-01,2.788362668434076319e+00,1.767044419663066357e-01,1.045713483253979648e+05,4.682466656551128636e+01
9.281512065972989944e-01,-4.738032914679352059e-01,0.000000000000000000e+00,3.960000000000000187e-01,9.850350115294461695e-01,-2.046311711338906214e-01,9.927105045360342774e+04,4.127674207602078127e+01
1.491013496087944423e+00,-4.758082361086447554e-01,0.000000000000000000e+00,3.960000000000000187e-01,5.220708394795781082e-01,9.476008267142990160e-01,9.975100340691721067e+04,3.956553571563334515e+01
2.310489217974273757e+00,3.316970436757734619e-01,0.000000000000000000e+00,3.960000000000000187e-01,-3.478586522736359932e-01,8.839732500740438148e-02,1.039795521618501953e+05,1.004556698427612105e+01
1.697716291630750884e+00,-2.269291900271875884e-01,0.000000000000000000e+00,3.960000000000000187e-01,2.144822609044231942e+00,-4.495216379259834305e-01,1.002504934024538525e+05,4.025596043773324340e+01
1.448211357722702930e-01,1.807876623881543576e-02,0.000000000000000000e+00,3.960000000000000187e-01,1.937775728302365774e+00,4.188777292679495279e-01,1.020727891190566734e+05,4.250663673425184186e+01
-4.064505948161459825e-01,-2.012744264112269477e-01,0.000000000000000000e+00,3.960000000000000187e-01,5.374201540965395374e-01,-4.570159949145773393e-01,9.752172877495529247e+04,1.445751672270754717e+01
2.867921328994752495e-01,4.406792451153405121e-01,0.000000000000000000e+00,3.960000000000000187e-01,-8.992263441630825582e-01,8.084865828151301947e-01,9.946726468702639977e+04,4.761300391811618482e+01
1.285233792100764383e+00,-2.407032411342262535e-01,0.000000000000000000e+00,3.960000000000000187e-01,2.355989310872042886e+00,-2.505560589852471320e-01,9.623449865810354822e+04,2.493007319958212342e+00
-3.457225595472489532e-01,-7.034318726106492115e-02,0.000000000000000000e+00,3.960000000000000187e-01,-9.543280661837054701e-01,9.973712555241043276e-02,9.705980035876961483e+04,7.495462662356983330e+00
9.890987416037089197e-01,3.727302504846018438e-01,0.000000000000000000e+00,3.960000000000000187e-01,1.814799118516203791e+00,-8.988537923515422801e-01,9.500943415267631644e+04,2.687905690257571578e+01
1.290528546750667527e+00,3.419335667918086408e-01,0.000000000000000000e+00,3.960000000000000187e-01,2.881028438904228217e+00,-1.477575240955384395e-01,9.539265051648659573e+04,2.878962355611548318e+01
5.027316724508823498e-01,-3.138985821537226828e-01,0.000000000000000000e+00,3.960000000000000187e-01,7.506453125928138626e-01,6.647270793219899332e-01,1.047728382317692885e+05,3.225750416504516949e+01
1.812736611237465656e+00,3.026433097957104135e-01,0.000000000000000000e+00,3.960000000000000187e-01,-6.010638001618895387e-02,6.112976107266838710e-01,9.742353695136762690e+04,8.484564657733228987e-01
-1.802052405986845907e-01,-4.181311326210734869e-02,0.000000000000000000e+00,3.960000000000000187e-01,1.819484040173526829e+00,-5.513628822929474982e-01,1.016331070950400172e+05,4.801833873110651041e+01
-2.745866547925737144e-01,-1.703112791464478359e-02,0.000000000000000000e+00,3.960000000000000187e-01,2.268512568062340584e+00,-5.478418579788746356e-01,1.033909969879961136e+05,2.229404636707199572e+00
1.684566268610810269e+00,-3.665200275840562183e-01,0.000000000000000000e+00,3.960000000000000187e-01,1.185721264311389245e+00,6.346106244264735352e-01,1.005066045923656493e+05,7.153097636170119067e+00
9.864739486185953865e-01,-4.193984862428753457e-01,0.000000000000000000e+00,3.960000000000000187e-01,2.868141101024584749e+00,8.607968403386510037e-01,9.653144500083956518e+04,7.007258763028489934e-01
1.565207189283208233e+00,2.279393069737651878e-01,0.000000000000000000e+00,3.960000000000000187e-01,-7.933251133681555878e-01,-8.092781574539928968e-01,1.022811643733616656e+05,2.834292166470473262e+01
8.044820158112386821e-01,-3.538847644700249262e-03,0.000000000000000000e+00,3.960000000000000187e-01,1.019182393218112548e+00,-9.988272114754948028e-02,1.010025141009958315e+05,4.661334419604861523e+01
2.392060997173204306e-01,-6.314929738482044641e-02,0.000000000000000000e+00,3.960000000000000187e-01,1.873815789290200318e+00,-3.250914420715420583e-01,1.023125058934737463e+05,3.329735830402321284e+01
1.957306953022599050e+00,2.295082286523967285e-01,0.000000000000000000e+00,3.960000000000000187e-01,2.450561884596715867e+00,7.413769109148786729e-01,1.026974662285708764e+05,4.113287342402136915e+01
1.898247636906937874e+00,2.655128989911097470e-01,0.000000000000000000e+00,3.960000000000000187e-01,-2.829775523688398131e-01,-8.329501706399624616e-01,1.047541036768474441e+05,6.640601729290041000e-01
1.584089412563280064e+00,-3.410918323306464384e-01,0.000000000000000000e+00,3.960000000000000187e-01,2.200013927054725649e+00,-5.777481148839251901e-01,1.007356328002671071e+05,2.710076492398630421e+01
3.164354116898880909e-01,1.102251494776412821e-01,0.000000000000000000e+00,3.960000000000000187e-01,1.210828302874181084e+00,5.049366751729886804e-01,9.841641112690602313e+04,2.297814887527609429e+01
1.270692000607261285e+00,-3.646459177223144721e-01,0.000000000000000000e+00,3.960000000000000187e-01,5.862147279598528549e-01,-8.974123020375688320e-01,1.014846455690023722e+05,2.494839721103965147e+01
5.829216908200804959e-01,2.513750860290456801e-01,0.000000000000000000e+00,3.960000000000000187e-01,-4.731398856836257494e-01,-1.492923857142147703e-02,9.568440709242626326e+04,3.610659266759397301e+00
-2.252537800200975493e-01,1.569551562671395173e-01,0.000000000000000000e+00,3.960000000000000187e-01,2.461183035635649663e+00,-1.157859306405599753e-01,1.039739731832158577e+05,3.422176805346537520e+01
2.251940726386728375e+00,4.566146210834579611e-01,0.000000000000000000e+00,3.960000000000000187e-01,-3.709071672811385945e-01,-3.311976420225026807e-01,9.619381011338197277e+04,2.516102074293172208e+01
-8.954410724311578917e-02,-4.310419836435788188e-01,0.000000000000000000e+00,3.960000000000000187e-01,2.391514368363969467e-01,-2.108553693621524339e-01,9.827842837885818153e+04,3.825744249306319489e+01
2.350712061462407299e+00,-4.429452788487456827e-01,0.000000000000000000e+00,3.960000000000000187e-01,1.601821278497475021e-01,5.988117386046587498e-02,1.031574538062612119e+05,2.426453170308576901e+01
8.380173188738671008e-01,-2.178129253067998539e-01,0.000000000000000000e+00,3.960000000000000187e-01,2.485656136763417123e+00,-6.772652832232337605e-01,1.009731237833071209e+05,7.469081811321603759e+00
