{
  "rows": 7919100,
  "columns": [
    "x",
    "y",
    "z",
    "t",
    "Vx",
    "Vy",
    "Pressure",
    "TKE"
  ],
  "first_timestep": 0.0,
  "n_timesteps": 300,
  "rows_per_timestep_min": 26397,
  "rows_per_timestep_max": 26397,
  "rows_per_timestep_mean": 26397.0,
  "feature_stats": {
    "x": {
      "mean": 0.05749907375838164,
      "std": 0.06331561535555327
    },
    "y": {
      "mean": 4.141985831723464e-05,
      "std": 0.02829885597332407
    },
    "z": {
      "mean": 0.0,
      "std": 0.0
    },
    "t": {
      "mean": 0.02491666666666789,
      "std": 0.008736592903151475
    },
    "Vx": {
      "mean": 0.6427285939602504,
      "std": 0.13289900215472575
    },
    "Vy": {
      "mean": 0.7021685012962411,
      "std": 0.13930854022744385
    },
    "Pressure": {
      "mean": 0.5204309943035297,
      "std": 0.11592351866549698
    },
    "TKE": {
      "mean": 0.05593849757398168,
      "std": 0.1395099122193737
    }
  },
  "velocity_directional_dominance": {
    "frac_vy_gt_vx": 0.6661100377568158,
    "frac_vx_gt_vy": 0.3338899622431842,
    "frac_equal": 0.0
  }
}