{
  "input_min": [
    -0.09864000231027603,
    -0.04969000071287155,
    0.0,
    0.0
  ],
  "input_max": [
    0.27873000502586365,
    0.04966000095009804,
    0.0,
    0.039900001138448715
  ],
  "input_range": [
    0.3773699998855591,
    0.09935000538825989,
    1.0,
    0.039900001138448715
  ],
  "target_min": [
    0.0,
    0.0,
    0.0,
    0.0
  ],
  "target_max": [
    1.0,
    1.0,
    1.0,
    1.0
  ],
  "target_range": [
    1.0,
    1.0,
    1.0,
    1.0
  ]
}