{
  "model_name": "base_model",
  "total_windows": 100,
  "epochs_per_window": 100,
  "total_epochs": 10000,
  "final_loss": 0.004121528472751379,
  "final_psnr": 23.84941864013672,
  "final_ssim": 0.8898535966873169,
  "final_relative_error": 12.118181228637695,
  "total_training_time": 42.604750633239746,
  "avg_time_per_window": 0.42604750633239746
}