{
  "model_name": "base_model",
  "total_windows": 100,
  "epochs_per_window": 100,
  "total_epochs": 10000,
  "final_loss": 0.0039919656701385975,
  "final_psnr": 23.98813247680664,
  "final_ssim": 0.8739909529685974,
  "final_relative_error": 11.926189422607422,
  "total_training_time": 43.55588936805725,
  "avg_time_per_window": 0.4355588936805725
}