{
  "grid": {
    "nx": 200,
    "ny": 100,
    "x_min": -0.09864000231027603,
    "x_max": 0.27873000502586365,
    "y_min": -0.04969000071287155,
    "y_max": 0.049660004675388336
  },
  "timesteps": {
    "count": 30,
    "indices": [
      0,
      10,
      20,
      30,
      40,
      50,
      60,
      70,
      80,
      90,
      100,
      110,
      120,
      130,
      140,
      150,
      160,
      170,
      180,
      190,
      200,
      210,
      220,
      230,
      240,
      250,
      260,
      270,
      280,
      290
    ],
    "values": [
      0.0,
      0.010999999940395355,
      0.012000000104308128,
      0.013000000268220901,
      0.014000000432133675,
      0.014999998733401299,
      0.01600000075995922,
      0.017000000923871994,
      0.017999999225139618,
      0.01899999938905239,
      0.019999999552965164,
      0.020999999716877937,
      0.02199999988079071,
      0.023000000044703484,
      0.024000000208616257,
      0.02500000037252903,
      0.026000000536441803,
      0.027000000700354576,
      0.02800000086426735,
      0.028999999165534973,
      0.029999997466802597,
      0.03099999949336052,
      0.03200000151991844,
      0.032999999821186066,
      0.03400000184774399,
      0.03500000014901161,
      0.035999998450279236,
      0.03700000047683716,
      0.03799999877810478,
      0.039000000804662704
    ]
  },
  "cylinder": {
    "center_x": -3.075416213903226e-05,
    "center_y": -0.0005167657227227174,
    "radius": 0.007256351022871363
  },
  "fields": [
    "Vx",
    "Vy",
    "Pressure",
    "TKE"
  ],
  "sources": [
    "offline_base",
    "offline_medium",
    "offline_large",
    "online_base",
    "online_medium",
    "online_large",
    "original"
  ],
  "encoding": "uint8",
  "bytes_per_timestep": 80000,
  "metrics": {
    "offline_base": {
      "psnr": 32.15,
      "ssim": 0.955,
      "rel_error": 4.41,
      "params": 6692,
      "size_kb": 26.8,
      "cr": 27395
    },
    "offline_medium": {
      "psnr": 33.58,
      "ssim": 0.9583,
      "rel_error": 3.74,
      "params": 14644,
      "size_kb": 58.6,
      "cr": 13241
    },
    "offline_large": {
      "psnr": 35.99,
      "ssim": 0.9856,
      "rel_error": 2.83,
      "params": 25668,
      "size_kb": 102.7,
      "cr": 7713
    },
    "online_base": {
      "psnr": 11.97,
      "ssim": 0.7551,
      "rel_error": 44.92,
      "params": 6692,
      "size_kb": 26.8,
      "cr": 27395
    },
    "online_medium": {
      "psnr": 12.7,
      "ssim": 0.7599,
      "rel_error": 41.3,
      "params": 14644,
      "size_kb": 58.6,
      "cr": 13241
    },
    "online_large": {
      "psnr": 9.67,
      "ssim": 0.6679,
      "rel_error": 58.57,
      "params": 25668,
      "size_kb": 102.7,
      "cr": 7713
    }
  }
}